id_estudiante,id_periodo,porcentaje_asistencia_periodo,tardanzas,retiros_tempranos
1,1,84,8,3
1,2,74,5,5
1,3,92,5,2
1,4,94,6,3
2,1,100,9,1
2,2,84,5,1
2,3,90,5,2
2,4,87,4,1
3,1,75,2,3
3,2,100,2,2
3,3,76,4,0
3,4,77,6,1
4,1,99,0,2
4,2,95,4,1
4,3,90,3,0
4,4,92,0,1
5,1,99,3,1
5,2,100,0,1
5,3,95,0,4
5,4,93,2,3
6,1,84,3,0
6,2,87,3,0
6,3,97,6,1
6,4,81,10,2
7,1,78,6,2
7,2,100,6,1
7,3,80,2,3
7,4,76,0,2
8,1,75,1,0
8,2,84,2,1
8,3,69,1,4
8,4,65,1,0
9,1,87,2,0
9,2,71,6,2
9,3,95,1,2
9,4,100,1,0
10,1,71,2,1
10,2,79,1,0
10,3,61,0,1
10,4,82,3,0
11,1,88,6,4
11,2,91,8,3
11,3,75,1,1
11,4,90,2,0
12,1,84,0,2
12,2,90,4,0
12,3,80,2,3
12,4,100,3,0
13,1,78,0,2
13,2,100,0,0
13,3,90,3,0
13,4,88,5,0
14,1,69,6,3
14,2,74,6,0
14,3,65,5,0
14,4,63,7,0
15,1,83,1,1
15,2,83,0,1
15,3,94,0,0
15,4,96,2,0
16,1,89,3,0
16,2,84,1,4
16,3,90,7,1
16,4,69,5,4
17,1,79,5,0
17,2,78,9,0
17,3,70,8,3
17,4,70,11,0
18,1,99,4,4
18,2,91,3,0
18,3,64,4,2
18,4,92,0,1
19,1,91,7,2
19,2,81,3,1
19,3,95,5,3
19,4,96,6,2
20,1,72,4,5
20,2,77,5,1
20,3,82,3,0
20,4,67,11,4
21,1,100,4,1
21,2,95,4,0
21,3,91,4,1
21,4,88,4,0
22,1,85,6,2
22,2,85,5,1
22,3,91,5,0
22,4,85,4,0
23,1,69,5,0
23,2,72,7,3
23,3,65,8,3
23,4,100,9,0
24,1,88,8,0
24,2,97,7,2
24,3,91,5,1
24,4,90,5,0
25,1,97,5,0
25,2,94,0,0
25,3,100,4,1
25,4,90,3,0
26,1,70,6,2
26,2,81,8,3
26,3,75,4,2
26,4,72,6,1
27,1,95,0,1
27,2,73,3,3
27,3,86,1,1
27,4,100,3,0
28,1,72,9,3
28,2,75,6,1
28,3,74,7,0
28,4,67,10,0
29,1,75,7,0
29,2,76,5,0
29,3,100,1,2
29,4,93,3,0
30,1,81,5,2
30,2,82,3,1
30,3,89,7,0
30,4,100,8,0
31,1,80,4,2
31,2,96,3,1
31,3,100,5,0
31,4,84,2,0
32,1,90,4,2
32,2,91,3,2
32,3,73,0,3
32,4,80,0,0
33,1,92,1,1
33,2,89,6,1
33,3,70,2,2
33,4,76,5,0
34,1,78,10,0
34,2,87,7,3
34,3,84,5,3
34,4,86,6,0
35,1,83,2,0
35,2,97,1,4
35,3,99,4,1
35,4,94,3,0
36,1,100,4,4
36,2,95,3,2
36,3,75,2,1
36,4,87,1,0
37,1,71,1,3
37,2,80,3,0
37,3,88,3,0
37,4,86,0,2
38,1,93,5,0
38,2,100,0,4
38,3,90,1,1
38,4,100,3,3
39,1,87,5,3
39,2,74,6,4
39,3,78,2,0
39,4,71,2,3
40,1,77,0,1
40,2,93,0,0
40,3,80,1,2
40,4,86,0,0
41,1,82,8,0
41,2,90,2,0
41,3,73,4,0
41,4,100,3,1
42,1,84,2,0
42,2,78,0,0
42,3,78,0,2
42,4,84,2,0
43,1,81,0,4
43,2,97,0,4
43,3,90,2,6
43,4,73,1,3
44,1,96,2,3
44,2,91,8,2
44,3,95,4,1
44,4,84,3,2
45,1,86,0,4
45,2,82,4,3
45,3,86,1,4
45,4,69,3,4
46,1,84,5,5
46,2,79,1,1
46,3,79,3,3
46,4,75,2,1
47,1,89,5,0
47,2,81,5,2
47,3,90,3,0
47,4,95,6,2
48,1,86,8,0
48,2,70,7,0
48,3,83,2,2
48,4,76,5,1
49,1,80,4,2
49,2,72,5,0
49,3,77,0,2
49,4,61,0,0
50,1,84,0,0
50,2,88,1,2
50,3,80,1,1
50,4,75,0,1
51,1,96,10,2
51,2,90,5,3
51,3,79,8,2
51,4,83,7,4
52,1,86,7,0
52,2,70,7,1
52,3,88,9,2
52,4,69,7,0
53,1,77,3,1
53,2,86,6,1
53,3,91,4,0
53,4,87,1,2
54,1,79,0,1
54,2,94,0,2
54,3,83,0,3
54,4,94,0,2
55,1,92,4,1
55,2,86,7,2
55,3,100,9,1
55,4,94,6,3
56,1,75,5,2
56,2,95,3,1
56,3,91,8,2
56,4,91,8,2
57,1,74,6,1
57,2,82,9,0
57,3,84,8,4
57,4,86,4,0
58,1,83,0,1
58,2,88,4,0
58,3,90,4,0
58,4,88,5,3
59,1,83,5,0
59,2,77,7,0
59,3,94,7,0
59,4,77,6,2
60,1,89,1,2
60,2,97,5,0
60,3,80,4,1
60,4,89,0,0
61,1,85,1,2
61,2,95,3,0
61,3,89,10,1
61,4,91,3,0
62,1,100,1,1
62,2,88,1,0
62,3,95,0,2
62,4,90,0,0
63,1,84,5,0
63,2,91,10,1
63,3,82,6,0
63,4,90,10,1
64,1,97,2,1
64,2,84,1,2
64,3,95,4,1
64,4,84,4,0
65,1,84,2,1
65,2,81,1,0
65,3,100,2,3
65,4,91,3,0
66,1,74,10,2
66,2,64,5,2
66,3,60,5,2
66,4,72,4,0
67,1,91,6,0
67,2,80,7,2
67,3,84,4,2
67,4,78,5,0
68,1,81,1,2
68,2,84,0,2
68,3,85,0,2
68,4,92,4,2
69,1,88,1,4
69,2,85,2,2
69,3,75,2,0
69,4,94,1,1
70,1,82,0,0
70,2,84,6,0
70,3,92,0,1
70,4,76,4,0
71,1,99,5,0
71,2,81,2,0
71,3,93,7,3
71,4,100,0,0
72,1,88,7,4
72,2,89,5,3
72,3,100,8,3
72,4,83,0,4
73,1,86,7,2
73,2,83,7,5
73,3,76,5,1
73,4,93,8,0
74,1,83,0,3
74,2,82,5,2
74,3,92,4,0
74,4,74,5,4
75,1,87,1,0
75,2,75,1,0
75,3,83,1,0
75,4,82,3,0
76,1,81,0,4
76,2,94,5,2
76,3,87,0,1
76,4,100,0,3
77,1,92,2,0
77,2,100,4,0
77,3,100,3,1
77,4,78,3,2
78,1,89,1,1
78,2,90,2,2
78,3,78,2,0
78,4,92,0,1
79,1,92,3,4
79,2,76,2,0
79,3,100,2,1
79,4,86,0,1
80,1,72,4,1
80,2,67,7,0
80,3,64,4,0
80,4,71,10,1
81,1,76,4,1
81,2,100,5,2
81,3,93,2,2
81,4,88,1,2
82,1,83,3,2
82,2,68,3,1
82,3,93,7,1
82,4,62,4,1
83,1,79,4,0
83,2,71,4,0
83,3,80,2,0
83,4,72,1,0
84,1,87,4,3
84,2,89,1,3
84,3,90,0,0
84,4,70,4,0
85,1,100,3,0
85,2,93,0,0
85,3,90,1,0
85,4,82,0,1
86,1,91,4,2
86,2,84,2,2
86,3,98,2,3
86,4,77,2,2
87,1,71,0,4
87,2,85,0,0
87,3,83,1,2
87,4,98,0,2
88,1,77,1,4
88,2,71,5,2
88,3,83,5,4
88,4,79,4,1
89,1,64,0,3
89,2,68,7,3
89,3,85,6,3
89,4,72,5,2
90,1,76,0,2
90,2,90,0,1
90,3,96,0,1
90,4,98,2,1
91,1,84,3,0
91,2,75,3,2
91,3,89,9,0
91,4,88,4,1
92,1,83,3,0
92,2,98,0,0
92,3,87,0,2
92,4,100,2,0
93,1,76,6,5
93,2,95,4,2
93,3,82,2,0
93,4,89,6,0
94,1,82,0,1
94,2,82,0,0
94,3,87,2,0
94,4,81,2,1
95,1,75,4,2
95,2,77,2,0
95,3,88,0,0
95,4,71,4,0
96,1,96,0,2
96,2,82,0,0
96,3,85,1,0
96,4,84,3,1
97,1,97,5,1
97,2,87,5,1
97,3,90,5,0
97,4,100,5,0
98,1,100,1,2
98,2,80,1,1
98,3,100,4,0
98,4,80,6,1
99,1,83,1,4
99,2,99,3,2
99,3,83,0,5
99,4,89,2,5
100,1,74,5,0
100,2,78,0,0
100,3,96,3,2
100,4,81,3,1
101,1,76,7,1
101,2,59,7,4
101,3,74,5,2
101,4,75,5,3
102,1,85,1,0
102,2,82,0,0
102,3,88,3,0
102,4,82,3,1
103,1,87,2,4
103,2,83,4,1
103,3,92,3,3
103,4,84,7,2
104,1,92,6,3
104,2,89,3,0
104,3,77,2,3
104,4,92,5,0
105,1,59,9,3
105,2,64,5,1
105,3,76,9,0
105,4,75,6,1
106,1,82,7,0
106,2,88,3,0
106,3,96,5,2
106,4,100,6,1
107,1,77,0,1
107,2,95,0,0
107,3,96,1,1
107,4,93,1,2
108,1,81,1,2
108,2,74,0,2
108,3,68,5,4
108,4,86,2,0
109,1,100,3,2
109,2,92,0,2
109,3,89,0,1
109,4,81,1,4
110,1,83,4,0
110,2,76,1,1
110,3,76,6,0
110,4,73,6,0
111,1,78,1,0
111,2,91,5,0
111,3,87,3,0
111,4,72,4,1
112,1,74,4,3
112,2,90,3,1
112,3,93,2,0
112,4,70,4,3
113,1,68,2,5
113,2,72,5,1
113,3,83,5,0
113,4,77,6,0
114,1,86,4,0
114,2,94,2,2
114,3,84,3,1
114,4,83,0,0
115,1,89,0,0
115,2,84,1,0
115,3,98,0,1
115,4,81,0,1
116,1,81,4,1
116,2,86,0,3
116,3,94,2,3
116,4,79,2,1
117,1,100,1,2
117,2,97,0,0
117,3,92,4,1
117,4,100,1,0
118,1,95,3,0
118,2,95,3,0
118,3,93,1,2
118,4,100,4,0
119,1,69,0,3
119,2,94,0,1
119,3,92,1,1
119,4,75,0,0
120,1,91,0,2
120,2,96,0,4
120,3,96,1,2
120,4,76,3,2
121,1,83,0,2
121,2,91,1,1
121,3,82,3,0
121,4,85,0,2
122,1,83,2,1
122,2,77,0,3
122,3,79,2,0
122,4,72,3,0
123,1,92,4,0
123,2,86,5,2
123,3,88,3,0
123,4,77,4,1
124,1,85,8,3
124,2,79,5,3
124,3,73,6,2
124,4,74,6,1
125,1,92,0,0
125,2,81,0,1
125,3,95,0,1
125,4,63,0,0
126,1,86,5,1
126,2,95,3,2
126,3,89,0,1
126,4,86,1,0
127,1,98,10,5
127,2,100,7,3
127,3,95,5,0
127,4,83,3,3
128,1,89,8,2
128,2,85,7,0
128,3,90,5,1
128,4,90,7,1
129,1,76,8,2
129,2,65,6,0
129,3,83,6,0
129,4,79,7,1
130,1,91,8,0
130,2,80,6,0
130,3,89,6,2
130,4,93,1,1
131,1,78,0,2
131,2,92,5,0
131,3,85,1,0
131,4,70,0,2
132,1,83,6,2
132,2,85,5,2
132,3,76,5,6
132,4,91,8,2
133,1,84,4,0
133,2,100,2,2
133,3,81,5,1
133,4,83,5,0
134,1,69,5,0
134,2,82,4,0
134,3,79,2,0
134,4,67,4,1
135,1,83,3,2
135,2,81,5,0
135,3,89,0,0
135,4,90,2,1
136,1,100,6,4
136,2,83,2,3
136,3,87,4,3
136,4,85,7,1
137,1,90,8,1
137,2,78,5,1
137,3,94,8,2
137,4,85,8,5
138,1,100,6,5
138,2,96,6,4
138,3,100,7,5
138,4,97,1,2
139,1,81,0,1
139,2,85,0,2
139,3,83,2,4
139,4,83,0,3
140,1,67,7,0
140,2,80,3,2
140,3,65,8,0
140,4,81,6,0
141,1,89,3,1
141,2,89,1,3
141,3,94,1,1
141,4,87,7,0
142,1,97,6,0
142,2,86,1,0
142,3,74,2,2
142,4,100,4,0
143,1,81,4,2
143,2,82,2,0
143,3,82,0,1
143,4,94,1,0
144,1,86,3,1
144,2,72,3,4
144,3,86,8,3
144,4,87,4,1
145,1,91,0,3
145,2,87,2,1
145,3,87,5,0
145,4,91,5,0
146,1,99,0,0
146,2,100,4,0
146,3,79,1,0
146,4,94,0,0
147,1,81,0,1
147,2,78,1,0
147,3,98,0,0
147,4,86,0,3
148,1,82,2,0
148,2,100,1,1
148,3,96,4,0
148,4,92,2,0
149,1,99,4,4
149,2,85,2,2
149,3,83,5,2
149,4,93,3,4
150,1,71,5,0
150,2,72,5,2
150,3,87,2,5
150,4,82,5,1
151,1,92,6,0
151,2,74,1,0
151,3,92,2,0
151,4,77,6,3
152,1,85,2,0
152,2,76,5,4
152,3,70,3,1
152,4,99,5,3
153,1,84,0,1
153,2,85,2,2
153,3,86,0,0
153,4,93,0,0
154,1,97,2,4
154,2,81,0,2
154,3,98,0,2
154,4,100,1,2
155,1,91,5,4
155,2,95,4,0
155,3,87,3,2
155,4,94,2,2
156,1,100,4,1
156,2,86,5,0
156,3,95,1,0
156,4,93,4,1
157,1,91,4,0
157,2,74,7,1
157,3,79,6,2
157,4,100,4,3
158,1,93,9,0
158,2,79,8,1
158,3,81,8,1
158,4,88,3,1
159,1,92,1,1
159,2,88,6,4
159,3,83,2,2
159,4,92,3,5
160,1,89,0,0
160,2,79,1,1
160,3,96,5,2
160,4,83,0,1
161,1,92,4,2
161,2,87,1,1
161,3,93,2,4
161,4,89,2,4
162,1,73,0,3
162,2,91,1,1
162,3,99,0,3
162,4,74,1,3
163,1,62,7,2
163,2,81,5,0
163,3,81,7,2
163,4,65,4,0
164,1,63,6,0
164,2,59,6,1
164,3,65,6,1
164,4,73,8,2
165,1,85,3,1
165,2,87,6,4
165,3,85,4,0
165,4,67,7,3
166,1,100,5,2
166,2,96,4,0
166,3,88,5,0
166,4,96,5,0
167,1,91,5,3
167,2,82,0,0
167,3,91,5,0
167,4,91,4,0
168,1,86,7,1
168,2,87,2,0
168,3,93,5,0
168,4,98,1,0
169,1,78,1,0
169,2,83,5,0
169,3,70,3,0
169,4,62,3,2
170,1,91,0,0
170,2,92,1,1
170,3,69,4,1
170,4,90,4,0
171,1,80,7,2
171,2,82,3,1
171,3,89,7,2
171,4,90,5,3
172,1,94,3,4
172,2,94,5,0
172,3,86,0,1
172,4,91,2,6
173,1,81,0,3
173,2,96,1,0
173,3,83,3,4
173,4,89,0,0
174,1,77,1,1
174,2,89,4,2
174,3,82,3,1
174,4,78,1,3
175,1,93,5,1
175,2,100,6,2
175,3,100,0,0
175,4,90,3,0
176,1,80,5,4
176,2,87,7,4
176,3,74,2,1
176,4,77,6,2
177,1,80,2,0
177,2,75,8,0
177,3,80,7,0
177,4,69,2,2
178,1,85,5,4
178,2,94,2,1
178,3,95,1,4
178,4,84,0,3
179,1,81,0,0
179,2,100,3,2
179,3,87,0,4
179,4,97,0,3
180,1,92,5,3
180,2,85,5,1
180,3,74,5,2
180,4,93,4,2
181,1,100,5,3
181,2,87,4,0
181,3,94,2,2
181,4,100,3,1
182,1,87,4,3
182,2,100,2,1
182,3,90,0,1
182,4,89,3,3
183,1,69,5,1
183,2,76,10,1
183,3,65,7,0
183,4,80,8,0
184,1,79,4,1
184,2,99,7,0
184,3,91,5,0
184,4,93,3,0
185,1,98,6,0
185,2,88,2,3
185,3,95,4,2
185,4,83,6,1
186,1,92,2,1
186,2,80,4,0
186,3,84,4,1
186,4,88,3,0
187,1,89,7,0
187,2,97,2,0
187,3,90,6,0
187,4,79,8,1
188,1,81,6,3
188,2,97,2,0
188,3,81,5,0
188,4,78,3,0
189,1,77,4,0
189,2,84,4,0
189,3,92,4,2
189,4,100,1,0
190,1,88,7,1
190,2,94,5,2
190,3,76,9,3
190,4,85,4,5
191,1,78,3,1
191,2,90,5,0
191,3,89,4,0
191,4,76,3,0
192,1,80,3,5
192,2,77,5,0
192,3,82,1,2
192,4,76,3,0
193,1,86,6,3
193,2,100,5,0
193,3,100,1,0
193,4,71,7,0
194,1,71,2,3
194,2,74,6,1
194,3,79,6,1
194,4,77,4,1
195,1,94,2,0
195,2,92,3,0
195,3,81,4,0
195,4,80,1,0
196,1,87,0,4
196,2,85,0,3
196,3,77,4,1
196,4,89,3,4
197,1,76,8,1
197,2,79,8,3
197,3,72,4,1
197,4,86,10,3
198,1,76,6,1
198,2,65,10,0
198,3,86,7,1
198,4,77,2,4
199,1,87,4,0
199,2,90,2,0
199,3,83,0,0
199,4,93,0,0
200,1,87,6,1
200,2,97,5,0
200,3,97,6,0
200,4,82,1,1
201,1,86,7,1
201,2,100,5,0
201,3,99,6,1
201,4,91,5,0
202,1,96,4,0
202,2,94,2,0
202,3,88,2,0
202,4,77,2,3
203,1,82,4,2
203,2,91,7,2
203,3,94,3,1
203,4,86,3,1
204,1,88,2,4
204,2,86,3,0
204,3,95,5,4
204,4,94,0,1
205,1,73,2,0
205,2,93,5,0
205,3,85,7,1
205,4,81,3,1
206,1,93,4,1
206,2,83,4,2
206,3,100,4,0
206,4,97,0,0
207,1,94,1,0
207,2,83,0,2
207,3,80,0,0
207,4,99,1,1
208,1,87,6,5
208,2,75,7,4
208,3,97,8,3
208,4,75,8,2
209,1,86,3,3
209,2,90,5,0
209,3,81,5,1
209,4,93,0,5
210,1,80,9,3
210,2,84,1,2
210,3,79,7,1
210,4,65,4,0
211,1,77,8,0
211,2,81,6,0
211,3,80,6,1
211,4,73,6,0
212,1,100,4,3
212,2,96,3,2
212,3,86,3,0
212,4,92,1,1
213,1,82,7,3
213,2,99,6,0
213,3,100,4,3
213,4,100,4,0
214,1,76,5,0
214,2,70,6,1
214,3,75,4,1
214,4,84,6,2
215,1,69,7,0
215,2,76,5,0
215,3,75,5,2
215,4,88,9,0
216,1,80,2,0
216,2,88,2,1
216,3,82,0,3
216,4,88,1,4
217,1,86,2,0
217,2,100,5,0
217,3,88,2,0
217,4,96,1,1
218,1,71,7,0
218,2,62,5,1
218,3,67,6,1
218,4,68,4,0
219,1,99,2,2
219,2,96,1,3
219,3,92,4,5
219,4,84,4,2
220,1,96,0,0
220,2,99,5,0
220,3,100,1,1
220,4,91,1,0
221,1,79,4,0
221,2,98,0,0
221,3,93,4,3
221,4,76,0,3
222,1,74,2,0
222,2,77,0,2
222,3,70,2,0
222,4,86,2,0
223,1,80,2,1
223,2,77,5,1
223,3,86,6,0
223,4,79,6,3
224,1,67,8,3
224,2,83,6,0
224,3,72,8,1
224,4,83,7,0
225,1,72,4,1
225,2,72,3,2
225,3,66,3,1
225,4,94,5,0
226,1,73,0,3
226,2,83,0,2
226,3,82,0,3
226,4,89,4,4
227,1,73,0,4
227,2,87,2,0
227,3,83,4,0
227,4,91,2,0
228,1,79,3,0
228,2,81,2,1
228,3,75,2,0
228,4,82,4,1
229,1,99,6,2
229,2,91,2,0
229,3,74,3,2
229,4,92,5,2
230,1,95,0,2
230,2,73,1,1
230,3,85,3,1
230,4,90,3,0
231,1,100,5,2
231,2,96,0,1
231,3,92,4,0
231,4,100,6,0
232,1,75,0,4
232,2,80,3,2
232,3,93,2,2
232,4,96,3,3
233,1,94,6,1
233,2,93,7,1
233,3,94,8,2
233,4,99,7,1
234,1,86,6,1
234,2,79,3,1
234,3,77,0,4
234,4,86,4,0
235,1,85,4,1
235,2,74,5,0
235,3,81,1,0
235,4,83,4,1
236,1,96,3,4
236,2,82,2,2
236,3,92,0,0
236,4,84,2,0
237,1,97,3,0
237,2,75,6,3
237,3,91,6,1
237,4,79,1,2
238,1,92,3,4
238,2,94,2,0
238,3,100,3,0
238,4,86,3,0
239,1,100,1,0
239,2,90,0,2
239,3,90,3,1
239,4,89,5,0
240,1,86,5,1
240,2,77,3,1
240,3,70,1,1
240,4,67,8,0
241,1,92,2,1
241,2,97,6,0
241,3,86,0,3
241,4,87,4,2
242,1,100,2,0
242,2,84,1,1
242,3,85,4,0
242,4,88,5,1
243,1,84,6,1
243,2,83,4,0
243,3,78,4,0
243,4,88,5,0
244,1,92,0,0
244,2,76,0,0
244,3,100,0,0
244,4,78,4,3
245,1,87,10,1
245,2,88,6,0
245,3,87,6,1
245,4,90,8,2
246,1,100,8,0
246,2,77,6,1
246,3,80,6,1
246,4,81,9,0
247,1,96,6,3
247,2,84,2,2
247,3,91,2,1
247,4,94,0,2
248,1,93,6,1
248,2,95,3,2
248,3,90,5,2
248,4,92,2,0
249,1,89,0,3
249,2,85,1,1
249,3,84,0,1
249,4,90,3,1
250,1,100,2,0
250,2,86,3,3
250,3,86,0,2
250,4,94,4,2
251,1,100,2,1
251,2,91,1,0
251,3,83,0,0
251,4,93,3,0
252,1,76,2,4
252,2,88,0,1
252,3,82,0,5
252,4,90,2,1
253,1,97,4,1
253,2,89,3,0
253,3,92,0,0
253,4,84,3,1
254,1,79,4,0
254,2,89,10,1
254,3,96,8,0
254,4,89,4,0
255,1,80,4,0
255,2,89,5,1
255,3,82,3,3
255,4,75,6,0
256,1,99,5,1
256,2,90,10,0
256,3,93,5,4
256,4,91,10,4
257,1,76,4,3
257,2,83,0,0
257,3,96,3,3
257,4,82,0,2
258,1,86,4,1
258,2,100,5,0
258,3,91,6,2
258,4,86,1,0
259,1,78,0,0
259,2,94,2,0
259,3,92,2,1
259,4,89,0,0
260,1,72,10,0
260,2,88,6,0
260,3,97,6,3
260,4,100,1,1
261,1,89,6,2
261,2,80,8,3
261,3,82,9,1
261,4,81,6,0
262,1,100,4,1
262,2,71,1,2
262,3,86,3,2
262,4,87,3,3
263,1,90,1,0
263,2,98,0,0
263,3,82,1,2
263,4,87,0,0
264,1,88,2,6
264,2,100,3,0
264,3,99,4,1
264,4,90,0,0
265,1,84,1,2
265,2,92,0,0
265,3,100,3,1
265,4,100,1,1
266,1,82,5,0
266,2,88,5,0
266,3,83,1,0
266,4,100,2,0
267,1,94,5,0
267,2,86,5,0
267,3,95,3,4
267,4,92,5,0
268,1,90,8,2
268,2,84,4,0
268,3,90,4,0
268,4,98,5,3
269,1,80,8,3
269,2,76,6,4
269,3,82,7,4
269,4,62,3,2
270,1,93,6,1
270,2,100,6,2
270,3,67,1,1
270,4,82,7,4
271,1,100,1,3
271,2,76,0,0
271,3,94,1,1
271,4,87,0,1
272,1,85,4,1
272,2,77,1,1
272,3,83,4,0
272,4,80,1,1
273,1,96,7,2
273,2,79,5,0
273,3,95,6,3
273,4,73,3,3
274,1,90,3,1
274,2,96,2,2
274,3,82,0,4
274,4,96,3,0
275,1,73,6,0
275,2,72,8,3
275,3,68,5,0
275,4,76,2,4
276,1,95,6,1
276,2,92,7,2
276,3,94,10,2
276,4,89,6,1
277,1,91,1,3
277,2,80,7,0
277,3,86,4,0
277,4,81,4,1
278,1,89,2,2
278,2,88,1,3
278,3,87,1,4
278,4,83,1,3
279,1,93,0,1
279,2,85,1,0
279,3,89,0,1
279,4,92,4,0
280,1,82,1,1
280,2,67,5,2
280,3,77,3,1
280,4,83,4,1
281,1,91,5,1
281,2,89,1,2
281,3,84,1,0
281,4,87,6,1
282,1,79,1,3
282,2,95,2,1
282,3,86,5,1
282,4,93,2,1
283,1,84,2,0
283,2,74,1,0
283,3,86,3,0
283,4,91,0,2
284,1,100,3,5
284,2,86,4,5
284,3,88,1,1
284,4,89,0,5
285,1,93,2,5
285,2,94,0,2
285,3,90,4,3
285,4,85,0,0
286,1,83,1,2
286,2,74,3,6
286,3,99,4,3
286,4,93,4,0
287,1,99,3,0
287,2,82,2,1
287,3,91,2,1
287,4,89,1,4
288,1,85,4,0
288,2,92,2,2
288,3,87,2,0
288,4,98,0,0
289,1,84,6,0
289,2,75,5,0
289,3,97,3,0
289,4,91,6,0
290,1,82,0,0
290,2,89,5,0
290,3,88,0,2
290,4,84,1,2
291,1,83,4,1
291,2,93,0,1
291,3,76,0,1
291,4,80,0,0
292,1,92,5,1
292,2,95,7,0
292,3,85,5,2
292,4,92,5,1
293,1,79,7,0
293,2,91,8,1
293,3,90,6,2
293,4,80,4,0
294,1,86,0,4
294,2,78,5,2
294,3,86,1,4
294,4,96,5,1
295,1,86,5,3
295,2,77,4,2
295,3,85,3,2
295,4,93,1,2
296,1,82,3,0
296,2,79,5,1
296,3,77,4,1
296,4,70,5,1
297,1,88,1,0
297,2,67,5,1
297,3,67,2,3
297,4,88,2,0
298,1,86,4,0
298,2,77,4,0
298,3,67,2,0
298,4,74,4,1
299,1,97,2,0
299,2,83,1,0
299,3,84,2,1
299,4,85,5,0
300,1,88,3,1
300,2,79,5,0
300,3,87,7,1
300,4,97,4,2
301,1,100,3,2
301,2,84,0,1
301,3,92,6,2
301,4,87,2,3
302,1,86,5,3
302,2,72,3,0
302,3,71,2,4
302,4,78,5,3
303,1,82,4,0
303,2,72,6,4
303,3,78,6,0
303,4,65,3,2
304,1,95,4,0
304,2,77,4,0
304,3,80,5,2
304,4,89,5,3
305,1,92,6,2
305,2,77,1,5
305,3,96,6,5
305,4,91,6,0
306,1,78,0,1
306,2,83,1,2
306,3,92,2,0
306,4,100,0,2
307,1,87,4,0
307,2,77,5,1
307,3,67,8,0
307,4,68,5,0
308,1,82,3,0
308,2,91,0,2
308,3,100,0,0
308,4,95,2,0
309,1,97,0,2
309,2,77,3,2
309,3,86,1,0
309,4,100,1,0
310,1,85,1,3
310,2,93,2,3
310,3,90,2,0
310,4,97,0,3
311,1,95,2,1
311,2,78,1,6
311,3,100,7,2
311,4,95,3,3
312,1,75,4,0
312,2,90,4,0
312,3,74,6,0
312,4,62,4,3
313,1,95,0,0
313,2,100,1,0
313,3,91,4,0
313,4,94,2,0
314,1,93,3,0
314,2,89,1,0
314,3,90,0,1
314,4,91,2,0
315,1,83,1,0
315,2,90,0,0
315,3,82,0,3
315,4,98,2,0
316,1,91,1,4
316,2,85,1,3
316,3,79,1,2
316,4,84,3,3
317,1,100,13,3
317,2,89,4,0
317,3,90,5,2
317,4,89,7,2
318,1,78,0,1
318,2,89,0,0
318,3,96,2,0
318,4,85,4,0
319,1,80,1,0
319,2,78,6,0
319,3,79,3,0
319,4,78,5,0
320,1,79,7,5
320,2,72,5,2
320,3,96,7,0
320,4,88,3,5
321,1,96,10,2
321,2,89,8,1
321,3,93,8,1
321,4,68,7,4
322,1,92,2,1
322,2,95,0,0
322,3,90,5,0
322,4,83,5,1
323,1,64,6,1
323,2,83,1,0
323,3,90,4,0
323,4,89,4,0
324,1,91,3,2
324,2,97,6,2
324,3,93,5,0
324,4,91,2,4
325,1,72,4,0
325,2,66,5,0
325,3,72,6,1
325,4,74,6,2
326,1,83,4,0
326,2,98,5,1
326,3,78,5,2
326,4,80,3,0
327,1,77,4,3
327,2,84,9,2
327,3,90,4,2
327,4,75,5,4
328,1,92,4,2
328,2,86,4,0
328,3,91,5,1
328,4,98,7,0
329,1,85,3,0
329,2,67,5,0
329,3,91,6,1
329,4,73,8,0
330,1,80,0,0
330,2,77,1,0
330,3,91,5,0
330,4,97,3,1
331,1,92,7,0
331,2,95,5,1
331,3,89,4,2
331,4,91,7,0
332,1,78,1,0
332,2,89,4,0
332,3,96,1,0
332,4,91,7,1
333,1,89,4,2
333,2,91,2,2
333,3,76,4,1
333,4,86,5,1
334,1,83,0,0
334,2,92,1,2
334,3,99,3,0
334,4,87,4,2
335,1,90,4,1
335,2,99,7,0
335,3,91,0,0
335,4,89,0,3
336,1,74,6,0
336,2,67,7,1
336,3,80,5,1
336,4,94,6,2
337,1,66,9,2
337,2,52,7,1
337,3,70,10,0
337,4,80,4,0
338,1,82,9,3
338,2,78,7,4
338,3,82,5,2
338,4,92,7,5
339,1,74,6,3
339,2,91,5,2
339,3,77,5,4
339,4,88,3,1
340,1,93,6,0
340,2,92,8,0
340,3,95,3,0
340,4,92,6,0
341,1,81,7,3
341,2,84,4,0
341,3,57,4,0
341,4,57,5,1
342,1,94,1,0
342,2,100,3,0
342,3,86,0,1
342,4,99,2,0
343,1,66,4,2
343,2,81,3,3
343,3,94,6,1
343,4,68,3,1
344,1,78,6,0
344,2,89,4,3
344,3,93,2,3
344,4,68,4,0
345,1,84,5,1
345,2,76,5,0
345,3,93,5,2
345,4,68,7,1
346,1,94,1,1
346,2,98,0,2
346,3,85,0,3
346,4,78,3,0
347,1,76,6,4
347,2,83,3,6
347,3,93,0,5
347,4,61,4,4
348,1,76,0,0
348,2,86,5,1
348,3,85,0,2
348,4,91,0,2
349,1,94,2,0
349,2,77,3,0
349,3,98,4,0
349,4,100,3,0
350,1,95,4,2
350,2,98,4,0
350,3,93,1,1
350,4,99,1,2
351,1,95,6,4
351,2,92,3,2
351,3,88,5,5
351,4,85,5,1
352,1,80,6,0
352,2,83,7,0
352,3,89,5,2
352,4,79,1,3
353,1,74,1,0
353,2,94,0,0
353,3,80,2,0
353,4,76,4,2
354,1,80,2,0
354,2,66,4,1
354,3,72,7,0
354,4,57,4,1
355,1,100,3,0
355,2,95,2,1
355,3,86,1,0
355,4,90,0,0
356,1,72,2,0
356,2,92,8,2
356,3,84,5,2
356,4,80,5,3
357,1,79,8,2
357,2,92,10,2
357,3,74,6,3
357,4,67,6,2
358,1,77,4,2
358,2,86,9,0
358,3,74,4,3
358,4,67,7,1
359,1,96,0,0
359,2,82,0,0
359,3,81,1,0
359,4,83,4,2
360,1,75,6,3
360,2,92,7,3
360,3,68,3,3
360,4,89,3,0
361,1,99,3,2
361,2,86,4,3
361,3,76,3,2
361,4,84,5,2
362,1,97,3,0
362,2,90,0,1
362,3,84,3,0
362,4,78,1,1
363,1,90,3,0
363,2,78,3,0
363,3,77,4,0
363,4,92,3,0
364,1,71,4,1
364,2,75,6,2
364,3,76,4,1
364,4,78,8,2
365,1,77,4,2
365,2,68,5,3
365,3,75,2,1
365,4,70,5,1
366,1,90,2,2
366,2,94,2,3
366,3,86,2,2
366,4,70,3,5
367,1,97,2,1
367,2,94,4,0
367,3,98,3,0
367,4,88,0,0
368,1,85,3,0
368,2,95,5,0
368,3,91,4,1
368,4,92,5,1
369,1,91,8,3
369,2,83,9,3
369,3,95,7,3
369,4,91,4,2
370,1,81,7,5
370,2,74,5,0
370,3,65,6,0
370,4,89,3,0
371,1,72,9,0
371,2,63,6,0
371,3,76,6,5
371,4,66,5,0
372,1,100,7,0
372,2,100,0,0
372,3,79,4,1
372,4,98,0,3
373,1,99,2,0
373,2,85,4,0
373,3,96,2,0
373,4,88,6,0
374,1,94,2,3
374,2,90,2,2
374,3,92,4,2
374,4,83,2,3
375,1,74,5,0
375,2,93,5,1
375,3,86,4,1
375,4,78,3,1
376,1,67,8,2
376,2,80,6,3
376,3,61,8,1
376,4,54,12,1
377,1,89,1,3
377,2,100,2,4
377,3,89,6,1
377,4,100,2,2
378,1,73,5,2
378,2,75,4,2
378,3,74,8,0
378,4,84,5,2
379,1,100,0,0
379,2,83,3,1
379,3,80,0,1
379,4,91,0,2
380,1,79,5,0
380,2,73,3,1
380,3,80,0,0
380,4,83,6,0
381,1,77,0,1
381,2,77,1,2
381,3,78,0,0
381,4,91,0,0
382,1,98,0,1
382,2,87,0,0
382,3,78,2,2
382,4,68,5,0
383,1,93,1,1
383,2,79,0,0
383,3,83,1,2
383,4,99,2,0
384,1,80,5,0
384,2,75,5,1
384,3,66,3,5
384,4,76,5,0
385,1,87,3,0
385,2,83,5,1
385,3,72,7,1
385,4,81,7,4
386,1,100,0,0
386,2,85,2,1
386,3,94,0,1
386,4,90,1,0
387,1,85,9,4
387,2,78,4,0
387,3,100,3,1
387,4,81,4,1
388,1,98,1,2
388,2,78,0,2
388,3,98,3,0
388,4,99,3,1
389,1,100,0,3
389,2,76,0,1
389,3,83,6,1
389,4,79,0,2
390,1,97,8,2
390,2,90,4,0
390,3,80,5,3
390,4,70,5,3
391,1,77,1,2
391,2,87,6,4
391,3,97,6,1
391,4,70,5,0
392,1,77,1,3
392,2,80,4,0
392,3,81,7,2
392,4,95,4,0
393,1,89,6,4
393,2,97,3,0
393,3,94,0,1
393,4,83,2,5
394,1,96,0,3
394,2,74,4,0
394,3,95,4,2
394,4,92,4,1
395,1,74,4,3
395,2,90,0,2
395,3,91,0,2
395,4,79,0,0
396,1,85,6,1
396,2,77,6,3
396,3,74,6,1
396,4,69,4,2
397,1,86,1,3
397,2,94,2,1
397,3,72,3,2
397,4,83,1,4
398,1,87,2,2
398,2,92,0,5
398,3,84,2,3
398,4,78,1,5
399,1,94,4,5
399,2,93,1,0
399,3,91,2,0
399,4,100,0,0
400,1,89,2,0
400,2,87,0,1
400,3,84,5,2
400,4,91,1,0
401,1,94,0,1
401,2,88,3,1
401,3,76,4,1
401,4,84,3,4
402,1,69,2,1
402,2,93,7,1
402,3,86,1,5
402,4,92,5,3
403,1,87,0,0
403,2,87,5,0
403,3,81,0,3
403,4,93,0,0
404,1,86,2,1
404,2,100,6,0
404,3,85,5,2
404,4,99,9,0
405,1,85,2,2
405,2,68,3,0
405,3,84,1,0
405,4,79,2,1
406,1,85,0,2
406,2,81,0,2
406,3,75,2,1
406,4,80,5,1
407,1,88,0,0
407,2,94,5,0
407,3,70,5,1
407,4,76,3,1
408,1,100,2,2
408,2,91,2,4
408,3,82,4,3
408,4,94,5,2
409,1,80,1,0
409,2,80,1,0
409,3,74,2,4
409,4,71,1,0
410,1,98,2,2
410,2,88,4,2
410,3,85,3,0
410,4,97,0,0
411,1,92,5,2
411,2,100,1,1
411,3,82,0,0
411,4,75,5,0
412,1,88,3,2
412,2,90,1,1
412,3,85,1,0
412,4,90,2,0
413,1,89,0,0
413,2,95,0,0
413,3,85,1,0
413,4,82,1,5
414,1,90,5,1
414,2,76,5,0
414,3,79,4,0
414,4,92,1,1
415,1,63,1,1
415,2,62,7,2
415,3,80,6,0
415,4,63,7,4
416,1,94,1,3
416,2,80,5,2
416,3,82,2,3
416,4,100,0,0
417,1,85,3,1
417,2,100,2,0
417,3,88,2,1
417,4,78,0,3
418,1,85,1,0
418,2,91,1,2
418,3,100,4,0
418,4,83,0,1
419,1,95,3,2
419,2,87,4,1
419,3,90,0,1
419,4,83,2,2
420,1,65,7,3
420,2,80,10,2
420,3,84,8,3
420,4,75,6,5
421,1,78,2,1
421,2,98,1,2
421,3,94,0,0
421,4,92,2,1
422,1,92,6,1
422,2,100,4,0
422,3,100,6,2
422,4,100,4,0
423,1,100,7,1
423,2,86,5,1
423,3,100,2,5
423,4,81,3,2
424,1,76,1,1
424,2,86,4,0
424,3,74,4,1
424,4,86,6,1
425,1,72,3,0
425,2,83,4,2
425,3,73,5,0
425,4,88,3,0
426,1,88,5,3
426,2,100,3,3
426,3,90,3,2
426,4,87,5,0
427,1,95,1,3
427,2,87,6,3
427,3,89,2,2
427,4,88,1,2
428,1,85,5,0
428,2,87,12,2
428,3,84,2,2
428,4,70,6,0
429,1,81,2,1
429,2,76,7,0
429,3,98,3,3
429,4,73,7,3
430,1,90,7,0
430,2,79,4,0
430,3,81,9,0
430,4,80,6,3
431,1,82,0,0
431,2,79,6,0
431,3,93,8,1
431,4,87,5,1
432,1,92,1,1
432,2,87,2,2
432,3,67,1,5
432,4,81,2,2
433,1,92,1,0
433,2,100,3,1
433,3,99,2,1
433,4,82,0,2
434,1,72,6,4
434,2,67,8,3
434,3,73,6,2
434,4,63,5,3
435,1,71,5,0
435,2,76,5,1
435,3,81,4,0
435,4,73,6,0
436,1,84,6,3
436,2,88,1,2
436,3,88,4,1
436,4,81,2,4
437,1,97,5,1
437,2,85,0,1
437,3,93,2,0
437,4,80,0,1
438,1,100,0,0
438,2,88,4,2
438,3,95,2,0
438,4,92,2,0
439,1,84,1,0
439,2,92,5,3
439,3,85,0,0
439,4,81,4,0
440,1,81,2,3
440,2,100,6,0
440,3,83,5,0
440,4,93,3,1
441,1,82,3,3
441,2,88,8,3
441,3,71,6,0
441,4,85,10,1
442,1,72,4,3
442,2,81,7,0
442,3,85,5,1
442,4,76,3,0
443,1,96,3,1
443,2,92,4,0
443,3,94,3,2
443,4,95,2,2
444,1,67,9,2
444,2,84,7,6
444,3,63,6,3
444,4,93,3,5
445,1,85,4,1
445,2,90,4,1
445,3,93,5,0
445,4,91,6,1
446,1,95,0,0
446,2,75,2,3
446,3,99,0,0
446,4,100,0,1
447,1,72,6,1
447,2,86,7,1
447,3,79,3,0
447,4,80,4,0
448,1,84,8,3
448,2,90,6,3
448,3,81,7,4
448,4,98,7,3
449,1,60,2,4
449,2,78,2,2
449,3,78,6,0
449,4,92,0,5
450,1,91,0,0
450,2,100,2,0
450,3,100,3,0
450,4,87,5,3
451,1,91,1,0
451,2,100,0,1
451,3,85,3,2
451,4,84,1,2
452,1,84,4,1
452,2,99,3,1
452,3,88,3,1
452,4,92,4,1
453,1,86,3,1
453,2,90,2,1
453,3,93,6,3
453,4,99,3,3
454,1,85,3,2
454,2,88,4,3
454,3,85,3,2
454,4,85,5,3
455,1,89,0,0
455,2,86,6,1
455,3,78,5,2
455,4,90,0,2
456,1,79,0,1
456,2,93,2,0
456,3,86,2,0
456,4,94,0,1
457,1,74,7,0
457,2,77,3,0
457,3,91,3,3
457,4,90,5,2
458,1,88,4,2
458,2,88,5,3
458,3,100,4,2
458,4,93,4,1
459,1,77,4,0
459,2,85,4,1
459,3,70,2,3
459,4,87,5,3
460,1,81,5,2
460,2,68,5,1
460,3,79,3,0
460,4,67,6,0
461,1,88,6,1
461,2,85,3,3
461,3,73,4,3
461,4,79,2,1
462,1,89,3,2
462,2,86,2,1
462,3,90,3,1
462,4,88,2,2
463,1,71,5,2
463,2,74,4,4
463,3,77,4,2
463,4,70,2,3
464,1,99,3,1
464,2,91,5,2
464,3,76,3,0
464,4,87,4,0
465,1,94,8,2
465,2,87,6,1
465,3,89,8,2
465,4,98,5,1
466,1,73,3,1
466,2,79,5,3
466,3,77,7,5
466,4,84,8,1
467,1,92,1,0
467,2,76,1,0
467,3,86,0,0
467,4,89,2,1
468,1,87,0,0
468,2,83,5,0
468,3,80,1,0
468,4,80,0,0
469,1,85,0,0
469,2,100,5,3
469,3,95,3,0
469,4,77,1,1
470,1,84,0,1
470,2,89,2,3
470,3,86,3,1
470,4,86,1,0
471,1,69,6,3
471,2,65,8,0
471,3,59,6,2
471,4,78,6,2
472,1,74,2,1
472,2,91,0,0
472,3,98,3,2
472,4,78,1,0
473,1,78,7,2
473,2,81,5,2
473,3,67,4,2
473,4,81,6,1
474,1,81,0,3
474,2,88,1,3
474,3,79,2,3
474,4,100,2,1
475,1,90,2,2
475,2,95,8,0
475,3,73,0,1
475,4,80,2,3
476,1,87,7,3
476,2,94,6,1
476,3,89,8,3
476,4,96,6,1
477,1,81,0,0
477,2,85,3,2
477,3,85,1,0
477,4,73,3,0
478,1,82,6,0
478,2,66,4,0
478,3,74,3,2
478,4,86,6,1
479,1,93,4,4
479,2,89,5,1
479,3,93,4,1
479,4,93,9,2
480,1,87,0,0
480,2,73,3,1
480,3,82,5,2
480,4,96,3,0
481,1,88,4,0
481,2,94,5,4
481,3,88,1,3
481,4,97,4,0
482,1,71,5,1
482,2,66,6,3
482,3,67,7,2
482,4,51,8,0
483,1,69,8,4
483,2,67,3,3
483,3,87,6,2
483,4,59,4,2
484,1,98,0,0
484,2,98,0,2
484,3,92,0,1
484,4,78,0,2
485,1,88,1,1
485,2,89,2,0
485,3,97,3,0
485,4,87,2,1
486,1,69,4,0
486,2,73,3,0
486,3,85,6,1
486,4,68,5,3
487,1,88,3,1
487,2,86,5,0
487,3,79,5,0
487,4,78,5,0
488,1,92,4,2
488,2,81,3,2
488,3,87,1,1
488,4,85,7,2
489,1,89,3,0
489,2,95,4,0
489,3,89,4,1
489,4,85,2,0
490,1,70,3,0
490,2,84,2,0
490,3,85,6,0
490,4,90,3,1
491,1,81,2,3
491,2,70,4,0
491,3,83,4,0
491,4,84,1,2
492,1,91,2,1
492,2,85,0,0
492,3,82,4,0
492,4,94,0,0
493,1,67,2,0
493,2,79,1,2
493,3,66,2,1
493,4,80,0,2
494,1,100,5,0
494,2,88,2,0
494,3,93,7,0
494,4,91,4,2
495,1,81,0,3
495,2,98,0,1
495,3,85,2,2
495,4,92,0,3
496,1,78,3,0
496,2,99,6,0
496,3,78,7,0
496,4,87,9,4
497,1,79,2,0
497,2,64,3,3
497,3,83,3,2
497,4,72,4,3
498,1,79,0,0
498,2,83,4,1
498,3,89,2,0
498,4,84,1,0
499,1,88,2,3
499,2,100,3,5
499,3,78,3,3
499,4,89,1,2
500,1,83,2,3
500,2,72,0,3
500,3,82,1,2
500,4,94,4,1
501,1,95,0,3
501,2,95,0,0
501,3,80,0,1
501,4,95,3,0
502,1,84,0,2
502,2,79,3,4
502,3,94,1,4
502,4,80,5,3
503,1,75,4,1
503,2,82,2,3
503,3,61,5,0
503,4,81,5,3
504,1,87,4,4
504,2,78,6,2
504,3,77,4,3
504,4,68,9,4
505,1,83,0,0
505,2,86,0,1
505,3,85,3,0
505,4,93,3,0
506,1,80,6,0
506,2,94,8,1
506,3,95,5,1
506,4,73,7,1
507,1,87,0,0
507,2,82,0,0
507,3,87,0,1
507,4,100,0,1
508,1,70,1,0
508,2,81,10,0
508,3,76,3,4
508,4,85,5,0
509,1,91,2,0
509,2,66,0,1
509,3,71,2,3
509,4,71,5,1
510,1,70,10,0
510,2,61,7,1
510,3,80,9,1
510,4,63,9,0
511,1,83,5,2
511,2,68,5,0
511,3,75,9,3
511,4,76,6,0
512,1,82,0,0
512,2,79,2,0
512,3,99,5,0
512,4,79,6,0
513,1,88,2,0
513,2,88,7,3
513,3,100,3,1
513,4,72,4,2
514,1,92,0,0
514,2,100,1,0
514,3,87,0,2
514,4,92,0,1
515,1,63,1,0
515,2,73,3,0
515,3,73,3,0
515,4,75,2,0
516,1,79,2,3
516,2,67,3,3
516,3,67,6,4
516,4,71,9,2
517,1,95,0,2
517,2,97,3,0
517,3,90,6,0
517,4,100,2,1
518,1,93,4,1
518,2,100,3,0
518,3,100,4,0
518,4,100,1,1
519,1,90,0,0
519,2,81,0,0
519,3,84,0,0
519,4,100,2,2
520,1,92,4,1
520,2,90,7,1
520,3,83,2,1
520,4,100,2,0
521,1,81,6,3
521,2,89,6,4
521,3,94,4,4
521,4,93,8,0
522,1,88,0,1
522,2,82,2,2
522,3,72,0,3
522,4,93,3,3
523,1,94,7,3
523,2,92,6,3
523,3,85,8,0
523,4,83,4,1
524,1,83,4,1
524,2,88,1,1
524,3,89,4,1
524,4,84,5,2
525,1,97,6,0
525,2,91,5,1
525,3,87,6,0
525,4,84,5,0
526,1,76,2,5
526,2,97,6,2
526,3,90,5,5
526,4,93,4,0
527,1,84,0,2
527,2,98,5,0
527,3,68,3,0
527,4,95,0,1
528,1,100,3,0
528,2,85,7,0
528,3,87,3,0
528,4,76,6,0
529,1,86,0,0
529,2,93,0,0
529,3,96,2,2
529,4,93,3,0
530,1,66,5,3
530,2,77,6,3
530,3,86,7,5
530,4,68,4,4
531,1,93,3,1
531,2,76,0,0
531,3,77,1,1
531,4,87,3,0
532,1,91,0,0
532,2,95,3,3
532,3,99,0,2
532,4,87,1,0
533,1,64,1,0
533,2,88,2,2
533,3,82,4,0
533,4,70,2,1
534,1,96,8,0
534,2,78,5,0
534,3,92,4,0
534,4,87,1,0
535,1,95,3,2
535,2,97,3,5
535,3,82,2,5
535,4,88,1,1
536,1,82,8,1
536,2,74,6,0
536,3,72,4,1
536,4,80,5,1
537,1,100,1,0
537,2,68,0,0
537,3,97,0,0
537,4,81,0,0
538,1,80,6,0
538,2,100,4,0
538,3,95,4,0
538,4,81,7,1
539,1,89,0,0
539,2,88,1,0
539,3,85,0,3
539,4,84,3,1
540,1,76,3,2
540,2,93,9,2
540,3,97,8,2
540,4,82,7,4
541,1,89,1,0
541,2,81,3,0
541,3,76,1,2
541,4,83,0,1
542,1,87,5,2
542,2,97,4,1
542,3,100,5,0
542,4,96,3,1
543,1,76,1,2
543,2,80,4,2
543,3,100,1,1
543,4,78,1,3
544,1,73,7,2
544,2,88,7,0
544,3,97,2,0
544,4,92,4,1
545,1,78,4,0
545,2,76,5,0
545,3,65,2,1
545,4,85,1,2
546,1,100,1,1
546,2,86,2,0
546,3,94,2,0
546,4,83,1,1
547,1,91,5,1
547,2,93,4,0
547,3,78,2,0
547,4,97,5,4
548,1,77,0,1
548,2,72,4,0
548,3,73,4,0
548,4,78,2,0
549,1,64,6,1
549,2,73,7,1
549,3,67,5,3
549,4,74,4,1
550,1,84,6,2
550,2,84,9,3
550,3,83,10,4
550,4,94,2,3
551,1,71,3,3
551,2,84,3,3
551,3,86,2,5
551,4,90,3,2
552,1,81,4,2
552,2,97,5,2
552,3,87,0,3
552,4,86,1,2
553,1,81,7,3
553,2,85,8,2
553,3,94,0,1
553,4,93,1,3
554,1,97,5,2
554,2,91,4,1
554,3,100,2,0
554,4,91,4,2
555,1,84,2,1
555,2,86,2,0
555,3,81,3,0
555,4,90,0,0
556,1,81,4,0
556,2,100,3,0
556,3,100,4,3
556,4,98,4,1
557,1,93,7,0
557,2,93,5,1
557,3,92,4,0
557,4,92,5,0
558,1,82,7,0
558,2,62,3,1
558,3,95,0,1
558,4,90,9,2
559,1,92,4,3
559,2,90,1,1
559,3,100,3,2
559,4,88,2,2
560,1,92,2,0
560,2,90,3,4
560,3,97,0,3
560,4,99,3,3
561,1,77,4,2
561,2,83,5,2
561,3,87,5,1
561,4,63,5,1
562,1,89,1,3
562,2,89,2,3
562,3,84,1,3
562,4,78,3,2
563,1,97,9,0
563,2,84,10,1
563,3,91,8,0
563,4,91,6,0
564,1,92,1,0
564,2,88,4,2
564,3,95,3,1
564,4,73,3,2
565,1,92,0,2
565,2,78,2,2
565,3,89,1,0
565,4,91,5,0
566,1,90,1,5
566,2,91,4,2
566,3,87,2,0
566,4,80,1,0
567,1,79,5,1
567,2,80,4,2
567,3,96,4,0
567,4,100,2,0
568,1,67,2,0
568,2,87,9,2
568,3,88,2,0
568,4,96,10,0
569,1,95,0,2
569,2,100,0,1
569,3,88,0,0
569,4,87,3,1
570,1,90,4,4
570,2,82,1,0
570,3,87,3,0
570,4,90,1,0
571,1,94,2,0
571,2,80,3,1
571,3,95,8,1
571,4,73,1,0
572,1,89,4,3
572,2,87,1,3
572,3,83,3,2
572,4,84,1,3
573,1,85,1,0
573,2,87,1,3
573,3,89,3,0
573,4,90,0,2
574,1,86,2,2
574,2,89,4,1
574,3,82,1,0
574,4,87,5,0
575,1,84,4,2
575,2,79,4,5
575,3,87,5,1
575,4,81,4,3
576,1,99,3,2
576,2,85,5,0
576,3,93,3,1
576,4,91,1,0
577,1,95,4,0
577,2,91,5,0
577,3,84,5,0
577,4,79,0,0
578,1,92,0,4
578,2,100,2,1
578,3,80,5,0
578,4,100,4,0
579,1,88,1,1
579,2,86,2,3
579,3,92,0,2
579,4,84,1,0
580,1,66,3,1
580,2,75,4,0
580,3,73,1,1
580,4,84,3,0
581,1,90,4,3
581,2,98,5,4
581,3,83,0,1
581,4,82,2,3
582,1,67,6,0
582,2,68,2,0
582,3,81,3,0
582,4,68,5,0
583,1,70,3,1
583,2,73,3,1
583,3,97,6,0
583,4,78,5,0
584,1,86,6,0
584,2,88,1,0
584,3,77,3,1
584,4,90,3,0
585,1,80,2,1
585,2,76,7,0
585,3,76,6,1
585,4,77,0,0
586,1,73,4,0
586,2,81,5,0
586,3,69,5,0
586,4,76,2,2
587,1,90,5,3
587,2,84,0,1
587,3,95,4,2
587,4,95,0,2
588,1,86,3,4
588,2,92,1,4
588,3,90,3,0
588,4,84,5,3
589,1,88,4,0
589,2,100,2,0
589,3,92,4,0
589,4,94,4,2
590,1,66,1,0
590,2,92,5,1
590,3,92,3,2
590,4,91,6,0
591,1,77,0,1
591,2,74,2,3
591,3,89,2,0
591,4,86,2,0
592,1,84,3,1
592,2,79,2,0
592,3,81,5,0
592,4,92,11,2
593,1,99,0,6
593,2,100,0,1
593,3,93,0,3
593,4,88,3,5
594,1,85,3,0
594,2,85,3,0
594,3,80,3,0
594,4,61,2,0
595,1,85,3,4
595,2,90,0,0
595,3,91,0,2
595,4,80,0,0
596,1,91,4,0
596,2,94,6,0
596,3,84,5,1
596,4,98,7,0
597,1,89,5,0
597,2,85,10,2
597,3,96,9,0
597,4,92,7,0
598,1,88,2,0
598,2,99,3,0
598,3,92,3,3
598,4,95,1,2
599,1,84,2,3
599,2,98,6,2
599,3,90,4,2
599,4,78,5,3
600,1,89,3,3
600,2,92,5,0
600,3,87,6,1
600,4,87,1,3
601,1,77,3,1
601,2,100,2,1
601,3,97,1,0
601,4,98,3,2
602,1,87,5,0
602,2,100,6,1
602,3,95,6,2
602,4,99,5,0
603,1,91,1,2
603,2,87,1,0
603,3,91,4,1
603,4,90,2,1
604,1,91,2,2
604,2,80,4,3
604,3,100,0,0
604,4,72,4,3
605,1,76,5,2
605,2,78,0,0
605,3,77,3,0
605,4,83,1,3
606,1,71,3,1
606,2,71,4,0
606,3,89,2,0
606,4,100,6,1
607,1,82,0,2
607,2,83,0,2
607,3,86,0,0
607,4,79,1,1
608,1,74,8,2
608,2,84,8,1
608,3,96,4,1
608,4,100,4,0
609,1,81,9,2
609,2,85,2,3
609,3,90,5,3
609,4,83,5,3
610,1,97,5,4
610,2,98,7,0
610,3,100,4,2
610,4,92,3,3
611,1,88,2,4
611,2,88,3,1
611,3,95,1,3
611,4,92,1,2
612,1,100,7,0
612,2,69,10,2
612,3,71,2,3
612,4,79,6,2
613,1,84,5,0
613,2,95,2,0
613,3,84,10,1
613,4,88,3,0
614,1,76,6,3
614,2,75,4,4
614,3,69,9,1
614,4,64,9,3
615,1,87,3,1
615,2,97,0,2
615,3,86,0,4
615,4,98,1,1
616,1,93,0,0
616,2,90,4,3
616,3,93,2,1
616,4,88,0,0
617,1,82,7,2
617,2,100,3,0
617,3,96,11,2
617,4,83,8,1
618,1,75,0,2
618,2,89,0,0
618,3,81,1,0
618,4,85,2,0
619,1,71,3,2
619,2,67,1,0
619,3,65,6,1
619,4,62,6,0
620,1,74,2,0
620,2,85,9,1
620,3,85,4,2
620,4,93,7,1
621,1,90,0,1
621,2,70,2,0
621,3,98,0,0
621,4,100,3,1
622,1,73,4,0
622,2,67,4,2
622,3,83,2,0
622,4,74,5,0
623,1,83,0,1
623,2,73,6,2
623,3,78,0,0
623,4,88,4,1
624,1,86,3,1
624,2,87,4,0
624,3,83,3,0
624,4,74,4,1
625,1,88,2,0
625,2,89,2,2
625,3,96,0,0
625,4,92,0,1
626,1,91,5,2
626,2,89,5,1
626,3,71,6,0
626,4,84,5,2
627,1,89,7,0
627,2,84,3,1
627,3,83,9,3
627,4,80,7,2
628,1,100,9,2
628,2,80,0,1
628,3,93,4,5
628,4,92,6,1
629,1,76,4,0
629,2,78,6,0
629,3,70,4,3
629,4,81,4,1
630,1,74,4,0
630,2,68,7,0
630,3,90,6,2
630,4,75,3,1
631,1,83,3,1
631,2,84,6,0
631,3,77,3,0
631,4,84,6,2
632,1,100,3,3
632,2,93,0,1
632,3,85,0,1
632,4,92,3,2
633,1,77,6,1
633,2,76,5,0
633,3,81,7,0
633,4,79,0,1
634,1,97,2,3
634,2,90,0,0
634,3,86,5,0
634,4,79,6,1
635,1,89,6,0
635,2,92,3,2
635,3,91,4,1
635,4,95,8,4
636,1,76,3,0
636,2,73,3,1
636,3,76,8,2
636,4,71,3,0
637,1,89,2,4
637,2,88,0,0
637,3,88,3,3
637,4,93,1,1
638,1,85,5,1
638,2,78,5,0
638,3,75,3,0
638,4,62,7,0
639,1,82,3,4
639,2,91,6,5
639,3,88,1,3
639,4,94,4,5
640,1,76,3,3
640,2,76,6,3
640,3,80,5,0
640,4,81,3,2
641,1,70,6,1
641,2,98,0,2
641,3,77,4,1
641,4,80,5,1
642,1,87,6,0
642,2,86,4,0
642,3,86,7,0
642,4,73,2,0
643,1,94,2,5
643,2,100,3,2
643,3,98,4,3
643,4,96,0,0
644,1,78,2,1
644,2,85,4,0
644,3,82,1,1
644,4,100,1,2
645,1,78,5,2
645,2,94,1,0
645,3,75,5,0
645,4,87,3,4
646,1,100,2,1
646,2,89,3,2
646,3,82,6,0
646,4,84,0,2
647,1,73,3,1
647,2,70,5,0
647,3,99,4,0
647,4,72,3,0
648,1,68,4,1
648,2,65,5,0
648,3,79,4,0
648,4,74,7,3
649,1,83,4,2
649,2,69,4,0
649,3,89,2,0
649,4,80,3,0
650,1,85,7,4
650,2,85,8,5
650,3,64,3,2
650,4,89,4,3
651,1,82,1,0
651,2,86,1,1
651,3,77,1,1
651,4,90,2,0
652,1,98,2,2
652,2,96,1,0
652,3,92,2,1
652,4,96,0,0
653,1,68,6,0
653,2,81,3,1
653,3,89,3,2
653,4,89,4,0
654,1,89,4,0
654,2,84,0,3
654,3,83,0,1
654,4,83,2,0
655,1,67,7,2
655,2,89,3,0
655,3,91,1,0
655,4,100,1,3
656,1,100,0,1
656,2,98,0,1
656,3,97,2,4
656,4,71,0,1
657,1,92,3,0
657,2,91,1,3
657,3,81,0,3
657,4,85,0,3
658,1,84,8,1
658,2,84,7,2
658,3,84,7,3
658,4,91,7,5
659,1,82,1,3
659,2,90,6,4
659,3,85,4,3
659,4,93,2,1
660,1,96,1,0
660,2,88,2,2
660,3,100,1,0
660,4,85,2,3
661,1,78,6,4
661,2,97,6,4
661,3,85,7,2
661,4,80,4,6
662,1,91,3,3
662,2,85,4,3
662,3,87,5,2
662,4,68,8,2
663,1,99,4,0
663,2,90,0,1
663,3,74,0,0
663,4,94,0,1
664,1,73,2,2
664,2,86,1,0
664,3,93,0,0
664,4,81,3,0
665,1,72,4,0
665,2,77,3,0
665,3,83,6,0
665,4,90,0,3
666,1,89,1,0
666,2,89,0,0
666,3,69,0,0
666,4,77,2,0
667,1,84,5,1
667,2,86,7,2
667,3,86,4,0
667,4,84,9,3
668,1,88,5,1
668,2,86,2,1
668,3,76,7,1
668,4,93,4,1
669,1,76,7,0
669,2,77,4,1
669,3,86,7,2
669,4,95,6,2
670,1,100,0,2
670,2,100,1,0
670,3,90,0,1
670,4,77,1,0
671,1,99,0,0
671,2,80,1,2
671,3,94,0,0
671,4,85,2,1
672,1,86,3,1
672,2,88,0,0
672,3,86,1,0
672,4,77,0,0
673,1,78,5,2
673,2,76,7,2
673,3,68,6,1
673,4,87,6,0
674,1,84,3,1
674,2,71,5,2
674,3,69,7,1
674,4,86,5,1
675,1,91,5,1
675,2,82,4,1
675,3,64,3,1
675,4,79,2,0
676,1,80,0,4
676,2,97,1,3
676,3,81,0,4
676,4,91,1,2
677,1,88,0,0
677,2,97,4,0
677,3,99,1,1
677,4,83,0,0
678,1,89,4,1
678,2,99,3,2
678,3,98,6,0
678,4,89,6,0
679,1,91,0,2
679,2,82,2,0
679,3,80,1,1
679,4,71,1,0
680,1,100,1,2
680,2,85,0,1
680,3,86,2,0
680,4,100,0,0
681,1,69,6,1
681,2,75,5,1
681,3,81,5,1
681,4,82,12,3
682,1,83,2,2
682,2,60,5,0
682,3,73,3,1
682,4,84,1,1
683,1,93,4,1
683,2,88,4,2
683,3,84,4,3
683,4,100,6,2
684,1,78,4,1
684,2,100,4,0
684,3,77,3,1
684,4,95,4,2
685,1,97,3,2
685,2,97,1,0
685,3,83,0,0
685,4,97,5,0
686,1,91,6,1
686,2,87,5,2
686,3,79,6,0
686,4,84,6,1
687,1,82,8,1
687,2,73,7,1
687,3,67,7,1
687,4,79,6,0
688,1,94,0,0
688,2,100,3,0
688,3,96,0,2
688,4,92,1,0
689,1,89,0,1
689,2,80,4,0
689,3,93,2,1
689,4,81,0,3
690,1,90,7,3
690,2,78,4,3
690,3,84,4,5
690,4,98,3,3
691,1,68,3,2
691,2,76,6,0
691,3,82,3,1
691,4,84,7,0
692,1,86,6,1
692,2,98,5,0
692,3,92,2,0
692,4,80,7,1
693,1,91,1,5
693,2,90,0,3
693,3,89,0,3
693,4,80,0,3
694,1,93,6,4
694,2,94,2,1
694,3,91,4,2
694,4,82,8,4
695,1,79,3,1
695,2,93,3,0
695,3,96,1,1
695,4,91,0,2
696,1,81,5,3
696,2,98,3,2
696,3,93,5,3
696,4,75,0,2
697,1,72,2,2
697,2,89,5,1
697,3,78,3,1
697,4,82,6,2
698,1,91,5,1
698,2,100,6,0
698,3,84,4,0
698,4,99,1,0
699,1,72,2,3
699,2,90,4,1
699,3,91,6,2
699,4,72,4,0
700,1,79,1,2
700,2,88,0,0
700,3,87,2,2
700,4,72,0,1
701,1,85,5,1
701,2,86,5,4
701,3,66,4,5
701,4,88,4,4
702,1,99,3,3
702,2,89,2,4
702,3,81,5,2
702,4,88,5,1
703,1,86,1,2
703,2,100,0,2
703,3,91,2,1
703,4,92,1,3
704,1,88,1,1
704,2,94,4,0
704,3,74,1,0
704,4,96,0,2
705,1,75,4,2
705,2,100,7,2
705,3,81,1,0
705,4,88,3,0
706,1,92,2,0
706,2,78,2,0
706,3,91,2,0
706,4,92,2,2
707,1,88,2,0
707,2,75,2,0
707,3,70,3,0
707,4,83,3,5
708,1,88,6,3
708,2,82,5,4
708,3,86,6,4
708,4,94,3,0
709,1,87,5,3
709,2,88,0,0
709,3,91,1,2
709,4,75,0,1
710,1,94,4,0
710,2,76,1,2
710,3,79,2,2
710,4,94,6,4
711,1,68,7,2
711,2,66,9,0
711,3,85,6,1
711,4,85,2,1
712,1,85,0,5
712,2,95,2,3
712,3,85,4,4
712,4,78,2,5
713,1,87,4,4
713,2,84,0,3
713,3,89,2,0
713,4,98,7,2
714,1,100,0,1
714,2,96,2,0
714,3,71,5,0
714,4,91,2,0
715,1,90,2,3
715,2,75,2,3
715,3,76,5,2
715,4,80,3,2
716,1,100,5,0
716,2,94,1,2
716,3,95,0,0
716,4,93,1,2
717,1,81,0,2
717,2,91,2,1
717,3,81,0,3
717,4,88,4,0
718,1,84,4,3
718,2,92,0,0
718,3,100,2,1
718,4,95,1,0
719,1,88,5,2
719,2,88,3,0
719,3,87,6,0
719,4,97,7,3
720,1,78,0,0
720,2,81,8,0
720,3,76,6,1
720,4,81,4,1
721,1,89,3,0
721,2,70,3,2
721,3,87,6,0
721,4,75,4,2
722,1,81,4,0
722,2,76,3,2
722,3,88,2,0
722,4,81,5,0
723,1,93,2,0
723,2,86,0,0
723,3,92,3,0
723,4,90,1,0
724,1,90,5,2
724,2,80,5,1
724,3,94,8,0
724,4,88,3,2
725,1,83,1,0
725,2,92,0,2
725,3,97,8,0
725,4,87,1,1
726,1,84,4,1
726,2,68,5,3
726,3,65,5,0
726,4,75,6,0
727,1,68,4,1
727,2,77,5,0
727,3,58,2,3
727,4,82,9,2
728,1,83,1,1
728,2,89,3,3
728,3,89,3,1
728,4,75,0,5
729,1,84,5,1
729,2,96,5,1
729,3,67,2,1
729,4,89,0,1
730,1,96,1,0
730,2,88,4,1
730,3,100,1,1
730,4,92,0,0
731,1,95,3,6
731,2,87,0,0
731,3,81,0,1
731,4,92,4,1
732,1,92,4,2
732,2,91,0,2
732,3,81,6,3
732,4,78,3,0
733,1,96,3,0
733,2,72,4,0
733,3,97,6,0
733,4,98,4,1
734,1,82,6,2
734,2,100,5,5
734,3,100,0,4
734,4,91,5,1
735,1,72,7,2
735,2,67,5,2
735,3,59,8,3
735,4,70,5,2
736,1,81,6,1
736,2,95,3,0
736,3,81,5,2
736,4,85,8,0
737,1,92,8,1
737,2,85,5,3
737,3,83,1,3
737,4,67,4,2
738,1,77,0,2
738,2,83,0,2
738,3,97,5,5
738,4,100,1,2
739,1,94,1,0
739,2,92,7,2
739,3,92,1,0
739,4,96,0,0
740,1,84,0,0
740,2,91,4,0
740,3,90,0,0
740,4,82,0,1
741,1,98,4,1
741,2,90,5,3
741,3,86,4,4
741,4,82,5,3
742,1,77,7,0
742,2,80,3,2
742,3,91,4,0
742,4,66,8,2
743,1,85,3,1
743,2,81,1,1
743,3,68,0,0
743,4,83,3,0
744,1,80,9,0
744,2,78,5,1
744,3,84,9,2
744,4,78,6,0
745,1,94,4,1
745,2,91,5,0
745,3,81,3,0
745,4,78,2,1
746,1,91,0,2
746,2,86,3,2
746,3,100,1,0
746,4,83,0,1
747,1,89,7,4
747,2,91,7,2
747,3,100,11,3
747,4,98,6,4
748,1,69,8,0
748,2,87,3,2
748,3,81,5,5
748,4,77,4,0
749,1,89,2,2
749,2,88,0,1
749,3,83,4,2
749,4,82,4,1
750,1,95,1,1
750,2,95,3,3
750,3,87,8,0
750,4,91,4,2
751,1,73,3,5
751,2,71,7,3
751,3,80,0,3
751,4,69,4,5
752,1,98,6,2
752,2,93,9,1
752,3,100,4,4
752,4,100,6,2
753,1,75,3,1
753,2,68,4,1
753,3,77,3,0
753,4,90,1,1
754,1,77,5,2
754,2,86,6,4
754,3,77,5,3
754,4,62,5,4
755,1,100,4,0
755,2,89,6,2
755,3,100,5,0
755,4,97,3,0
756,1,96,6,0
756,2,87,4,0
756,3,90,3,0
756,4,93,5,0
757,1,62,10,1
757,2,74,8,0
757,3,73,9,1
757,4,73,7,0
758,1,84,6,0
758,2,87,6,0
758,3,81,6,3
758,4,87,5,0
759,1,87,3,0
759,2,76,6,2
759,3,91,6,0
759,4,90,6,1
760,1,76,0,1
760,2,81,3,0
760,3,90,4,0
760,4,89,0,3
761,1,87,1,0
761,2,86,0,2
761,3,92,3,0
761,4,96,0,3
762,1,92,5,1
762,2,100,7,0
762,3,100,4,0
762,4,90,4,1
763,1,77,9,3
763,2,90,8,0
763,3,77,9,1
763,4,73,6,0
764,1,97,2,0
764,2,75,0,0
764,3,78,1,2
764,4,93,0,2
765,1,82,4,1
765,2,100,6,3
765,3,64,4,4
765,4,76,8,4
766,1,84,6,1
766,2,69,6,0
766,3,73,2,2
766,4,70,3,5
767,1,71,8,1
767,2,70,8,0
767,3,53,10,1
767,4,62,6,2
768,1,85,6,0
768,2,73,2,2
768,3,91,0,2
768,4,80,0,3
769,1,93,0,3
769,2,82,2,6
769,3,89,1,1
769,4,91,2,2
770,1,68,5,0
770,2,72,1,1
770,3,79,5,0
770,4,71,2,1
771,1,84,3,3
771,2,95,4,1
771,3,99,2,1
771,4,83,4,2
772,1,70,3,0
772,2,84,0,3
772,3,80,1,1
772,4,79,2,4
773,1,87,4,1
773,2,90,9,0
773,3,81,5,1
773,4,95,3,1
774,1,90,6,1
774,2,100,3,2
774,3,100,4,2
774,4,89,4,0
775,1,89,3,0
775,2,88,6,0
775,3,100,5,0
775,4,87,4,1
776,1,65,0,4
776,2,83,1,2
776,3,94,4,2
776,4,100,0,2
777,1,92,7,0
777,2,82,5,1
777,3,79,3,1
777,4,92,4,1
778,1,88,1,1
778,2,80,2,1
778,3,100,0,0
778,4,88,0,1
779,1,85,2,1
779,2,83,1,1
779,3,79,4,0
779,4,77,2,2
780,1,94,5,0
780,2,83,6,0
780,3,87,9,2
780,4,90,1,0
781,1,66,9,4
781,2,85,7,1
781,3,63,5,2
781,4,75,7,1
782,1,86,2,3
782,2,67,6,2
782,3,66,6,1
782,4,71,5,2
783,1,59,6,2
783,2,77,6,0
783,3,80,3,0
783,4,81,3,3
784,1,91,4,1
784,2,94,6,1
784,3,95,7,4
784,4,94,5,0
785,1,80,0,0
785,2,100,0,0
785,3,95,3,1
785,4,92,3,0
786,1,87,5,0
786,2,88,4,1
786,3,87,5,4
786,4,94,7,0
787,1,78,6,1
787,2,78,2,0
787,3,75,0,0
787,4,81,0,2
788,1,100,4,0
788,2,87,1,0
788,3,85,1,2
788,4,100,4,0
789,1,75,4,3
789,2,93,6,6
789,3,83,2,2
789,4,95,5,1
790,1,82,6,0
790,2,65,7,2
790,3,74,2,1
790,4,77,3,1
791,1,76,4,4
791,2,89,1,1
791,3,82,5,3
791,4,75,4,3
792,1,86,2,2
792,2,97,2,3
792,3,93,3,4
792,4,84,4,1
793,1,85,3,0
793,2,96,1,0
793,3,83,0,0
793,4,87,0,3
794,1,75,1,0
794,2,100,3,0
794,3,91,3,4
794,4,96,1,0
795,1,73,5,1
795,2,75,7,2
795,3,76,0,0
795,4,74,2,4
796,1,74,2,1
796,2,73,6,0
796,3,88,5,1
796,4,73,6,0
797,1,91,4,1
797,2,95,3,1
797,3,82,4,1
797,4,91,2,2
798,1,85,6,1
798,2,83,2,0
798,3,98,0,0
798,4,81,5,1
799,1,73,5,2
799,2,90,8,3
799,3,72,0,2
799,4,91,7,3
800,1,81,7,2
800,2,94,5,0
800,3,93,6,1
800,4,72,0,0
801,1,79,4,1
801,2,94,0,0
801,3,79,2,1
801,4,86,2,2
802,1,99,3,1
802,2,100,5,2
802,3,95,6,4
802,4,91,4,1
803,1,77,7,1
803,2,71,8,0
803,3,92,10,1
803,4,90,6,0
804,1,88,8,1
804,2,76,3,3
804,3,100,4,0
804,4,100,5,2
805,1,91,6,0
805,2,91,4,0
805,3,85,4,2
805,4,100,3,2
806,1,99,3,0
806,2,83,4,2
806,3,100,4,2
806,4,88,5,1
807,1,82,9,2
807,2,99,3,1
807,3,88,4,1
807,4,88,4,3
808,1,68,1,5
808,2,73,3,6
808,3,74,6,1
808,4,62,6,1
809,1,74,0,2
809,2,80,3,3
809,3,84,7,1
809,4,78,6,4
810,1,67,1,1
810,2,74,3,0
810,3,69,8,0
810,4,79,4,1
811,1,66,1,2
811,2,78,2,1
811,3,85,4,0
811,4,84,2,2
812,1,75,3,2
812,2,71,6,1
812,3,67,9,0
812,4,67,8,0
813,1,77,2,0
813,2,91,3,1
813,3,93,2,0
813,4,83,0,0
814,1,88,1,1
814,2,83,1,0
814,3,86,2,0
814,4,97,5,0
815,1,61,7,1
815,2,70,7,2
815,3,66,7,3
815,4,60,1,2
816,1,68,5,6
816,2,74,12,2
816,3,75,8,4
816,4,60,6,4
817,1,79,7,5
817,2,81,5,4
817,3,87,8,4
817,4,73,9,2
818,1,90,0,0
818,2,100,2,0
818,3,81,0,0
818,4,88,4,1
819,1,78,4,4
819,2,90,5,1
819,3,76,3,2
819,4,77,2,1
820,1,72,5,1
820,2,81,2,1
820,3,70,3,0
820,4,70,7,0
821,1,91,7,1
821,2,82,13,4
821,3,70,9,4
821,4,85,5,0
822,1,100,3,0
822,2,83,4,3
822,3,85,5,0
822,4,83,5,2
823,1,85,3,0
823,2,64,4,0
823,3,80,6,0
823,4,74,7,2
824,1,86,7,3
824,2,71,7,4
824,3,76,1,2
824,4,92,9,3
825,1,54,6,4
825,2,72,9,6
825,3,76,5,3
825,4,78,7,4
826,1,94,6,0
826,2,85,4,2
826,3,94,0,2
826,4,100,5,1
827,1,91,0,1
827,2,93,0,2
827,3,76,1,3
827,4,79,5,0
828,1,82,2,0
828,2,87,2,0
828,3,100,2,1
828,4,98,3,0
829,1,69,7,1
829,2,77,8,2
829,3,79,12,1
829,4,83,4,0
830,1,92,1,1
830,2,86,3,2
830,3,100,0,2
830,4,100,3,0
831,1,100,4,0
831,2,83,4,1
831,3,80,6,1
831,4,99,4,0
832,1,84,5,2
832,2,89,5,2
832,3,83,4,3
832,4,80,4,0
833,1,72,4,0
833,2,97,5,5
833,3,100,2,3
833,4,77,5,1
834,1,76,0,4
834,2,82,1,5
834,3,82,2,3
834,4,95,0,4
835,1,96,4,0
835,2,88,5,2
835,3,90,1,0
835,4,79,4,1
836,1,83,1,4
836,2,83,1,4
836,3,95,4,1
836,4,86,2,5
837,1,85,4,3
837,2,81,7,3
837,3,79,2,4
837,4,94,3,0
838,1,73,3,3
838,2,76,1,1
838,3,67,1,0
838,4,66,5,1
839,1,96,2,2
839,2,75,6,0
839,3,76,5,2
839,4,74,3,1
840,1,78,0,2
840,2,100,2,2
840,3,92,3,1
840,4,85,0,4
841,1,86,4,2
841,2,91,4,3
841,3,99,3,0
841,4,73,0,1
842,1,68,4,0
842,2,85,3,1
842,3,71,6,0
842,4,80,3,0
843,1,76,1,0
843,2,89,0,0
843,3,82,0,0
843,4,93,4,1
844,1,67,7,1
844,2,78,4,4
844,3,79,2,4
844,4,94,4,3
845,1,99,3,2
845,2,94,5,0
845,3,96,2,1
845,4,86,3,1
846,1,73,3,4
846,2,76,4,1
846,3,80,4,1
846,4,89,2,5
847,1,86,3,2
847,2,76,7,0
847,3,86,6,1
847,4,68,2,1
848,1,89,0,3
848,2,81,0,3
848,3,90,0,1
848,4,78,6,3
849,1,100,6,0
849,2,81,9,0
849,3,87,7,0
849,4,89,5,2
850,1,81,6,1
850,2,72,3,0
850,3,78,5,7
850,4,77,7,2
851,1,100,2,1
851,2,100,6,0
851,3,81,2,1
851,4,87,1,1
852,1,84,5,3
852,2,79,2,0
852,3,93,4,0
852,4,93,2,1
853,1,92,1,0
853,2,86,1,1
853,3,97,4,0
853,4,95,6,0
854,1,74,3,2
854,2,66,3,1
854,3,86,3,0
854,4,71,2,1
855,1,84,2,3
855,2,86,2,0
855,3,82,5,0
855,4,90,5,4
856,1,77,3,0
856,2,59,6,1
856,3,71,3,0
856,4,81,5,3
857,1,84,5,2
857,2,79,8,1
857,3,67,5,5
857,4,82,4,1
858,1,92,5,2
858,2,82,4,0
858,3,92,2,2
858,4,90,1,3
859,1,81,4,4
859,2,73,5,0
859,3,86,4,1
859,4,79,4,1
860,1,96,3,0
860,2,82,4,3
860,3,98,5,1
860,4,89,5,0
861,1,85,6,4
861,2,96,2,0
861,3,96,0,0
861,4,100,6,2
862,1,83,7,3
862,2,91,7,1
862,3,83,0,0
862,4,86,7,0
863,1,100,5,0
863,2,100,4,0
863,3,85,3,0
863,4,86,2,0
864,1,92,4,2
864,2,81,6,1
864,3,84,4,1
864,4,80,4,5
865,1,80,1,1
865,2,98,5,0
865,3,87,0,1
865,4,92,0,2
866,1,69,9,2
866,2,81,7,0
866,3,78,8,2
866,4,64,5,0
867,1,72,7,1
867,2,51,6,1
867,3,70,5,1
867,4,84,7,0
868,1,87,3,0
868,2,83,4,3
868,3,75,1,2
868,4,70,9,2
869,1,98,4,0
869,2,87,0,0
869,3,83,0,1
869,4,94,1,0
870,1,99,2,1
870,2,73,2,0
870,3,88,5,0
870,4,97,7,1
871,1,94,0,1
871,2,85,1,1
871,3,91,2,0
871,4,79,0,0
872,1,81,0,0
872,2,92,3,3
872,3,93,4,0
872,4,76,1,2
873,1,92,1,0
873,2,89,1,1
873,3,92,1,0
873,4,85,1,3
874,1,71,6,2
874,2,86,5,0
874,3,72,3,1
874,4,72,4,4
875,1,92,2,2
875,2,81,2,3
875,3,84,1,0
875,4,87,4,1
876,1,88,4,3
876,2,84,3,2
876,3,95,2,5
876,4,96,2,0
877,1,93,6,3
877,2,75,5,4
877,3,75,5,2
877,4,72,6,3
878,1,95,6,0
878,2,93,8,1
878,3,100,6,0
878,4,100,5,0
879,1,78,3,5
879,2,81,4,1
879,3,64,4,4
879,4,84,6,5
880,1,100,4,2
880,2,94,2,0
880,3,96,1,0
880,4,76,2,0
881,1,91,0,0
881,2,100,3,3
881,3,97,0,2
881,4,82,5,0
882,1,81,3,0
882,2,100,0,2
882,3,86,2,0
882,4,93,3,2
883,1,66,8,3
883,2,79,4,0
883,3,80,3,0
883,4,70,2,1
884,1,98,4,2
884,2,94,5,3
884,3,90,6,3
884,4,79,3,2
885,1,98,0,1
885,2,99,3,5
885,3,74,2,2
885,4,71,5,3
886,1,76,4,4
886,2,89,3,2
886,3,100,6,0
886,4,100,0,2
887,1,88,2,2
887,2,80,4,1
887,3,89,7,2
887,4,85,6,2
888,1,88,4,1
888,2,94,3,4
888,3,85,1,2
888,4,86,1,3
889,1,84,0,0
889,2,84,4,2
889,3,87,2,2
889,4,85,6,2
890,1,90,0,2
890,2,100,1,4
890,3,92,3,4
890,4,84,2,5
891,1,91,6,3
891,2,67,8,5
891,3,100,4,4
891,4,81,9,2
892,1,84,11,0
892,2,100,6,1
892,3,79,7,2
892,4,86,6,2
893,1,74,8,5
893,2,67,7,2
893,3,65,6,1
893,4,73,8,1
894,1,99,3,0
894,2,83,1,2
894,3,94,0,0
894,4,81,5,0
895,1,81,5,2
895,2,85,6,1
895,3,80,5,3
895,4,91,4,1
896,1,98,4,0
896,2,90,3,1
896,3,100,1,0
896,4,90,6,2
897,1,71,7,2
897,2,67,5,2
897,3,71,8,0
897,4,75,3,0
898,1,62,3,0
898,2,91,2,1
898,3,74,5,0
898,4,67,1,1
899,1,90,1,0
899,2,83,1,0
899,3,86,2,2
899,4,87,1,4
900,1,89,1,0
900,2,85,3,1
900,3,96,3,0
900,4,98,0,0
901,1,78,3,2
901,2,74,5,3
901,3,90,5,1
901,4,69,2,3
902,1,84,5,3
902,2,75,6,1
902,3,84,1,0
902,4,81,4,1
903,1,76,5,1
903,2,70,4,0
903,3,74,6,1
903,4,88,5,0
904,1,85,0,0
904,2,88,0,3
904,3,81,5,0
904,4,85,4,3
905,1,81,6,1
905,2,92,6,1
905,3,74,9,0
905,4,96,5,2
906,1,90,4,3
906,2,73,4,3
906,3,85,4,3
906,4,100,3,1
907,1,79,1,2
907,2,84,0,1
907,3,90,0,0
907,4,78,4,0
908,1,100,2,1
908,2,78,1,3
908,3,90,2,2
908,4,79,3,2
909,1,81,1,0
909,2,85,4,0
909,3,76,6,0
909,4,67,7,0
910,1,100,0,0
910,2,96,3,0
910,3,96,1,0
910,4,88,0,1
911,1,72,6,0
911,2,80,4,0
911,3,84,6,0
911,4,82,6,0
912,1,79,2,0
912,2,100,0,2
912,3,84,1,0
912,4,74,0,1
913,1,98,3,1
913,2,90,5,3
913,3,86,3,3
913,4,87,3,1
914,1,84,5,1
914,2,96,3,1
914,3,88,5,2
914,4,92,6,1
915,1,79,3,2
915,2,84,2,3
915,3,78,0,1
915,4,78,2,2
916,1,86,2,0
916,2,78,4,1
916,3,97,4,2
916,4,87,5,1
917,1,81,1,0
917,2,75,3,1
917,3,99,3,1
917,4,100,5,0
918,1,78,5,2
918,2,76,7,3
918,3,78,4,4
918,4,81,1,2
919,1,94,4,0
919,2,95,2,1
919,3,97,0,1
919,4,95,0,1
920,1,71,4,5
920,2,76,7,2
920,3,82,6,2
920,4,69,7,4
921,1,89,6,0
921,2,96,2,0
921,3,92,3,1
921,4,95,4,1
922,1,84,0,3
922,2,92,3,1
922,3,98,2,1
922,4,76,0,0
923,1,91,5,2
923,2,94,3,1
923,3,79,8,1
923,4,89,5,1
924,1,73,3,1
924,2,78,3,3
924,3,69,7,0
924,4,70,6,4
925,1,79,6,1
925,2,75,5,1
925,3,77,6,2
925,4,70,3,0
926,1,95,0,1
926,2,89,0,1
926,3,72,2,0
926,4,80,0,1
927,1,80,2,2
927,2,100,0,2
927,3,81,0,0
927,4,80,4,0
928,1,87,3,2
928,2,83,1,2
928,3,88,3,3
928,4,86,6,3
929,1,64,7,2
929,2,79,4,2
929,3,82,6,0
929,4,77,8,0
930,1,80,1,4
930,2,71,2,0
930,3,91,0,1
930,4,86,0,0
931,1,87,1,3
931,2,100,0,1
931,3,90,3,1
931,4,92,0,2
932,1,86,6,0
932,2,71,2,2
932,3,80,2,2
932,4,86,1,0
933,1,88,2,0
933,2,100,7,0
933,3,92,7,2
933,4,100,2,0
934,1,82,2,0
934,2,86,0,1
934,3,94,1,1
934,4,86,5,0
935,1,72,2,0
935,2,77,6,2
935,3,87,4,0
935,4,91,4,3
936,1,86,4,0
936,2,82,7,1
936,3,85,8,0
936,4,79,6,0
937,1,92,5,0
937,2,91,6,0
937,3,90,7,0
937,4,78,7,1
938,1,87,8,0
938,2,91,7,1
938,3,87,5,0
938,4,100,5,3
939,1,94,1,2
939,2,79,0,3
939,3,89,0,2
939,4,90,3,0
940,1,80,7,1
940,2,87,9,1
940,3,88,6,0
940,4,86,5,0
941,1,87,0,3
941,2,77,0,0
941,3,71,0,1
941,4,96,0,0
942,1,76,3,0
942,2,82,2,1
942,3,90,6,2
942,4,91,5,2
943,1,81,3,1
943,2,82,3,0
943,3,79,1,0
943,4,99,1,0
944,1,94,3,1
944,2,100,7,0
944,3,86,1,2
944,4,80,6,0
945,1,81,4,0
945,2,86,0,0
945,3,87,0,0
945,4,95,1,0
946,1,69,0,0
946,2,81,3,0
946,3,98,3,3
946,4,73,7,1
947,1,100,5,0
947,2,78,1,1
947,3,73,1,2
947,4,95,2,0
948,1,81,6,2
948,2,80,3,2
948,3,92,7,5
948,4,95,5,4
949,1,95,4,2
949,2,85,6,3
949,3,77,3,4
949,4,84,3,0
950,1,93,3,0
950,2,78,8,0
950,3,79,7,2
950,4,86,3,0
951,1,90,5,0
951,2,74,5,0
951,3,91,7,0
951,4,97,4,0
952,1,100,3,0
952,2,85,2,2
952,3,83,3,0
952,4,89,5,0
953,1,84,0,0
953,2,88,0,0
953,3,98,4,3
953,4,95,1,0
954,1,55,9,0
954,2,85,7,0
954,3,81,8,0
954,4,75,4,2
955,1,98,7,1
955,2,80,2,1
955,3,85,3,3
955,4,90,6,2
956,1,94,5,0
956,2,91,6,0
956,3,88,5,0
956,4,81,5,3
957,1,100,6,3
957,2,85,4,2
957,3,90,1,3
957,4,95,4,2
958,1,86,3,0
958,2,98,5,0
958,3,95,4,0
958,4,92,2,2
959,1,87,7,0
959,2,80,0,0
959,3,77,2,0
959,4,85,5,0
960,1,91,2,3
960,2,85,4,1
960,3,86,2,0
960,4,92,2,0
961,1,86,2,0
961,2,81,2,1
961,3,97,0,2
961,4,91,0,2
962,1,70,6,2
962,2,78,8,2
962,3,76,0,0
962,4,83,7,2
963,1,85,10,0
963,2,84,4,3
963,3,95,3,0
963,4,81,6,0
964,1,92,2,0
964,2,90,6,2
964,3,94,2,0
964,4,98,6,0
965,1,94,6,2
965,2,90,5,5
965,3,84,1,1
965,4,82,4,3
966,1,99,2,1
966,2,89,3,3
966,3,94,0,4
966,4,83,0,0
967,1,85,5,0
967,2,96,4,2
967,3,100,2,1
967,4,90,6,1
968,1,82,0,0
968,2,88,0,2
968,3,82,4,0
968,4,76,0,1
969,1,86,5,1
969,2,83,2,0
969,3,88,2,0
969,4,89,1,1
970,1,85,2,1
970,2,79,0,1
970,3,88,2,5
970,4,76,3,4
971,1,77,7,2
971,2,80,0,0
971,3,72,6,3
971,4,81,2,1
972,1,88,2,2
972,2,81,4,1
972,3,82,3,0
972,4,96,3,0
973,1,70,10,1
973,2,80,8,1
973,3,83,3,0
973,4,97,5,2
974,1,89,1,2
974,2,88,3,3
974,3,96,0,0
974,4,81,0,2
975,1,80,0,3
975,2,87,2,3
975,3,93,4,3
975,4,87,1,3
976,1,92,0,1
976,2,74,1,2
976,3,97,0,0
976,4,81,5,2
977,1,91,7,0
977,2,82,2,0
977,3,78,7,0
977,4,79,5,0
978,1,85,1,0
978,2,93,4,0
978,3,92,5,0
978,4,82,8,0
979,1,97,3,2
979,2,60,5,2
979,3,57,1,2
979,4,65,5,2
980,1,68,3,3
980,2,93,6,5
980,3,92,5,2
980,4,82,2,3
981,1,78,5,1
981,2,86,3,0
981,3,82,4,0
981,4,87,4,0
982,1,71,4,1
982,2,81,4,0
982,3,82,4,3
982,4,75,8,0
983,1,81,1,4
983,2,89,2,1
983,3,72,3,1
983,4,88,5,2
984,1,87,2,0
984,2,86,0,1
984,3,82,2,1
984,4,88,0,5
985,1,88,6,1
985,2,84,6,0
985,3,78,2,2
985,4,83,7,2
986,1,88,6,0
986,2,82,7,0
986,3,90,5,0
986,4,84,4,0
987,1,84,4,0
987,2,89,3,2
987,3,86,5,3
987,4,84,2,3
988,1,64,1,0
988,2,77,0,2
988,3,73,1,2
988,4,76,4,1
989,1,81,0,4
989,2,85,3,3
989,3,81,1,4
989,4,91,1,6
990,1,86,1,0
990,2,83,2,3
990,3,100,2,0
990,4,94,5,4
991,1,94,3,3
991,2,88,1,5
991,3,100,5,1
991,4,87,3,1
992,1,71,9,0
992,2,71,7,0
992,3,71,9,2
992,4,84,5,0
993,1,82,4,1
993,2,86,2,0
993,3,81,3,1
993,4,89,3,1
994,1,76,0,1
994,2,75,3,3
994,3,82,8,1
994,4,74,2,0
995,1,67,1,5
995,2,71,3,5
995,3,79,4,2
995,4,72,8,1
996,1,68,8,3
996,2,79,4,4
996,3,80,7,1
996,4,82,11,2
997,1,74,3,4
997,2,83,6,0
997,3,95,1,0
997,4,85,6,0
998,1,82,1,2
998,2,84,5,0
998,3,81,4,0
998,4,81,1,0
999,1,81,0,2
999,2,92,5,0
999,3,75,1,0
999,4,87,5,2
1000,1,96,4,3
1000,2,86,5,2
1000,3,95,5,3
1000,4,79,2,3
1001,1,87,0,0
1001,2,82,6,1
1001,3,93,3,1
1001,4,90,0,0
1002,1,100,0,1
1002,2,95,0,0
1002,3,95,7,0
1002,4,92,7,1
1003,1,84,5,4
1003,2,95,3,0
1003,3,99,5,1
1003,4,82,4,0
1004,1,63,5,1
1004,2,67,4,4
1004,3,77,6,4
1004,4,73,5,3
1005,1,67,4,2
1005,2,73,6,3
1005,3,81,7,2
1005,4,87,4,2
1006,1,86,4,0
1006,2,97,4,2
1006,3,87,6,2
1006,4,97,3,0
1007,1,86,2,1
1007,2,71,2,0
1007,3,73,4,0
1007,4,85,6,0
1008,1,76,0,4
1008,2,94,2,2
1008,3,78,4,1
1008,4,91,2,4
1009,1,94,4,3
1009,2,98,2,0
1009,3,89,8,0
1009,4,93,4,1
1010,1,86,2,0
1010,2,83,4,0
1010,3,80,6,1
1010,4,97,2,0
1011,1,78,1,1
1011,2,82,2,2
1011,3,75,2,1
1011,4,100,3,1
1012,1,77,6,0
1012,2,72,6,0
1012,3,94,8,0
1012,4,87,6,2
1013,1,92,4,1
1013,2,98,1,2
1013,3,79,4,2
1013,4,86,2,3
1014,1,81,6,1
1014,2,74,11,4
1014,3,79,7,1
1014,4,81,2,4
1015,1,85,4,2
1015,2,74,2,5
1015,3,93,5,1
1015,4,80,2,4
1016,1,83,2,1
1016,2,88,2,5
1016,3,87,0,0
1016,4,86,2,2
1017,1,81,5,1
1017,2,90,6,2
1017,3,81,7,0
1017,4,77,4,2
1018,1,91,6,3
1018,2,76,4,3
1018,3,97,2,1
1018,4,89,4,1
1019,1,88,6,0
1019,2,75,8,0
1019,3,92,4,0
1019,4,85,6,3
1020,1,76,5,2
1020,2,53,5,0
1020,3,77,7,0
1020,4,78,5,0
1021,1,91,2,0
1021,2,80,0,0
1021,3,82,0,0
1021,4,88,0,1
1022,1,96,3,0
1022,2,70,5,1
1022,3,85,0,2
1022,4,78,0,3
1023,1,90,8,0
1023,2,87,9,2
1023,3,80,6,0
1023,4,89,7,0
1024,1,81,1,2
1024,2,84,5,3
1024,3,82,2,2
1024,4,83,2,0
1025,1,79,7,2
1025,2,80,0,3
1025,3,88,0,3
1025,4,91,3,4
1026,1,95,0,0
1026,2,81,1,2
1026,3,91,1,0
1026,4,89,3,0
1027,1,100,2,0
1027,2,84,6,3
1027,3,86,0,0
1027,4,80,4,2
1028,1,100,6,0
1028,2,91,2,0
1028,3,86,0,1
1028,4,97,4,0
1029,1,87,5,2
1029,2,85,7,0
1029,3,85,5,0
1029,4,81,8,0
1030,1,80,4,2
1030,2,90,6,0
1030,3,83,3,2
1030,4,100,4,2
1031,1,88,4,0
1031,2,96,10,0
1031,3,88,8,0
1031,4,85,5,0
1032,1,91,1,3
1032,2,90,3,1
1032,3,91,1,5
1032,4,99,0,3
1033,1,92,4,2
1033,2,91,5,2
1033,3,100,6,3
1033,4,80,3,4
1034,1,70,4,0
1034,2,71,6,1
1034,3,76,7,1
1034,4,86,4,0
1035,1,84,7,4
1035,2,89,8,2
1035,3,92,7,6
1035,4,94,7,0
1036,1,98,1,0
1036,2,95,0,0
1036,3,79,3,0
1036,4,87,0,0
1037,1,98,3,0
1037,2,85,7,1
1037,3,90,5,0
1037,4,83,0,1
1038,1,82,7,0
1038,2,82,2,3
1038,3,80,4,4
1038,4,82,1,4
1039,1,81,1,2
1039,2,87,0,6
1039,3,95,0,1
1039,4,91,2,3
1040,1,63,8,2
1040,2,69,4,2
1040,3,87,7,2
1040,4,91,8,3
1041,1,86,2,4
1041,2,94,0,0
1041,3,84,1,0
1041,4,99,4,1
1042,1,77,6,0
1042,2,76,4,0
1042,3,95,3,2
1042,4,80,3,0
1043,1,77,4,0
1043,2,83,6,0
1043,3,78,6,0
1043,4,71,3,1
1044,1,89,8,1
1044,2,83,8,2
1044,3,69,5,2
1044,4,66,4,1
1045,1,93,7,1
1045,2,91,3,0
1045,3,100,4,2
1045,4,78,5,0
1046,1,82,4,6
1046,2,90,4,2
1046,3,61,4,0
1046,4,83,0,2
1047,1,76,3,4
1047,2,70,5,0
1047,3,72,4,0
1047,4,71,5,3
1048,1,93,4,0
1048,2,100,5,2
1048,3,87,6,0
1048,4,82,5,0
1049,1,76,3,0
1049,2,86,7,0
1049,3,86,1,0
1049,4,77,2,2
1050,1,87,0,0
1050,2,79,1,1
1050,3,79,1,0
1050,4,85,3,3
1051,1,86,3,3
1051,2,82,4,1
1051,3,97,11,0
1051,4,84,5,4
1052,1,99,2,0
1052,2,87,6,0
1052,3,91,7,0
1052,4,93,5,0
1053,1,88,0,0
1053,2,76,3,1
1053,3,98,1,1
1053,4,70,1,0
1054,1,92,4,1
1054,2,93,3,1
1054,3,87,4,0
1054,4,83,5,1
1055,1,95,7,0
1055,2,100,5,1
1055,3,88,10,0
1055,4,93,3,0
1056,1,83,1,0
1056,2,96,2,3
1056,3,93,0,1
1056,4,90,3,1
1057,1,97,0,0
1057,2,98,3,0
1057,3,100,4,0
1057,4,76,1,0
1058,1,94,6,0
1058,2,90,8,0
1058,3,92,7,1
1058,4,94,8,0
1059,1,92,0,0
1059,2,95,3,1
1059,3,100,8,0
1059,4,86,1,0
1060,1,73,6,2
1060,2,75,6,1
1060,3,77,7,3
1060,4,71,4,1
1061,1,93,0,3
1061,2,100,2,0
1061,3,84,0,0
1061,4,92,1,0
1062,1,73,4,4
1062,2,60,3,0
1062,3,80,2,4
1062,4,86,1,4
1063,1,100,1,0
1063,2,86,4,1
1063,3,71,7,0
1063,4,100,6,0
1064,1,94,2,1
1064,2,83,3,1
1064,3,91,3,0
1064,4,96,3,0
1065,1,100,5,0
1065,2,100,4,0
1065,3,84,3,2
1065,4,100,5,1
1066,1,87,0,1
1066,2,94,1,2
1066,3,87,1,3
1066,4,83,5,2
1067,1,78,5,4
1067,2,79,5,2
1067,3,78,5,6
1067,4,75,5,4
1068,1,89,0,3
1068,2,92,4,2
1068,3,83,0,0
1068,4,88,0,1
1069,1,88,0,4
1069,2,97,2,0
1069,3,97,0,4
1069,4,92,2,2
1070,1,86,9,0
1070,2,94,4,0
1070,3,84,4,2
1070,4,91,3,0
1071,1,58,3,1
1071,2,71,3,2
1071,3,81,3,1
1071,4,76,3,2
1072,1,98,3,0
1072,2,81,3,0
1072,3,94,1,2
1072,4,99,1,0
1073,1,85,3,1
1073,2,83,1,0
1073,3,91,1,0
1073,4,97,7,3
1074,1,87,0,1
1074,2,92,4,0
1074,3,80,0,0
1074,4,77,3,0
1075,1,71,6,2
1075,2,77,6,1
1075,3,82,6,1
1075,4,71,6,2
1076,1,85,3,1
1076,2,100,5,3
1076,3,84,5,0
1076,4,92,3,0
1077,1,100,3,5
1077,2,99,3,5
1077,3,73,0,3
1077,4,92,0,3
1078,1,77,6,0
1078,2,74,7,1
1078,3,73,4,2
1078,4,78,9,0
1079,1,87,3,2
1079,2,94,1,0
1079,3,86,2,0
1079,4,87,1,2
1080,1,97,8,1
1080,2,87,1,0
1080,3,85,4,1
1080,4,74,5,2
1081,1,56,8,0
1081,2,79,5,0
1081,3,79,10,2
1081,4,88,5,0
1082,1,88,4,0
1082,2,85,0,1
1082,3,88,4,0
1082,4,79,4,0
1083,1,74,5,0
1083,2,89,7,0
1083,3,78,5,0
1083,4,77,4,2
1084,1,83,3,2
1084,2,85,4,0
1084,3,75,6,0
1084,4,66,2,0
1085,1,94,2,2
1085,2,96,0,3
1085,3,73,0,4
1085,4,96,2,3
1086,1,97,6,1
1086,2,83,6,0
1086,3,78,7,0
1086,4,96,4,0
1087,1,98,1,0
1087,2,98,0,1
1087,3,85,3,2
1087,4,74,2,2
1088,1,91,3,2
1088,2,91,8,0
1088,3,96,7,0
1088,4,82,4,0
1089,1,95,0,2
1089,2,92,1,0
1089,3,92,2,0
1089,4,90,2,0
1090,1,100,2,0
1090,2,94,0,1
1090,3,100,0,1
1090,4,90,0,1
1091,1,77,6,2
1091,2,76,2,2
1091,3,100,5,3
1091,4,83,7,2
1092,1,84,3,0
1092,2,85,0,2
1092,3,86,2,0
1092,4,76,3,0
1093,1,78,1,1
1093,2,97,5,1
1093,3,84,0,0
1093,4,97,0,1
1094,1,92,4,3
1094,2,93,7,1
1094,3,78,5,1
1094,4,89,6,3
1095,1,77,8,1
1095,2,64,5,1
1095,3,75,2,1
1095,4,72,7,3
1096,1,64,7,3
1096,2,77,7,2
1096,3,64,5,2
1096,4,66,8,1
1097,1,87,2,0
1097,2,87,0,2
1097,3,87,2,0
1097,4,95,0,0
1098,1,94,5,2
1098,2,84,4,0
1098,3,91,3,1
1098,4,86,3,3
1099,1,87,1,0
1099,2,83,1,0
1099,3,81,3,1
1099,4,77,0,2
1100,1,80,9,2
1100,2,82,6,4
1100,3,86,5,6
1100,4,81,4,4
1101,1,92,4,0
1101,2,71,7,1
1101,3,86,6,5
1101,4,76,4,0
1102,1,81,0,0
1102,2,100,2,1
1102,3,69,2,3
1102,4,100,2,0
1103,1,95,4,1
1103,2,86,4,0
1103,3,100,6,0
1103,4,85,2,0
1104,1,94,3,2
1104,2,87,3,1
1104,3,90,3,3
1104,4,86,6,0
1105,1,82,0,3
1105,2,87,0,0
1105,3,90,3,1
1105,4,96,0,3
1106,1,94,1,2
1106,2,93,3,2
1106,3,88,1,1
1106,4,94,0,2
1107,1,91,6,0
1107,2,78,5,0
1107,3,82,4,0
1107,4,69,6,2
1108,1,97,0,5
1108,2,84,3,1
1108,3,90,3,2
1108,4,84,0,3
1109,1,55,8,1
1109,2,83,8,0
1109,3,63,6,1
1109,4,67,7,0
1110,1,62,1,0
1110,2,82,3,1
1110,3,69,4,1
1110,4,85,7,0
1111,1,86,5,0
1111,2,96,6,0
1111,3,87,6,0
1111,4,78,6,3
1112,1,81,4,3
1112,2,83,5,3
1112,3,88,5,3
1112,4,85,8,5
1113,1,82,4,4
1113,2,100,3,5
1113,3,91,0,2
1113,4,79,1,2
1114,1,92,6,5
1114,2,87,1,6
1114,3,86,0,5
1114,4,92,7,4
1115,1,85,9,0
1115,2,90,8,0
1115,3,60,9,2
1115,4,82,8,0
1116,1,94,7,3
1116,2,94,6,0
1116,3,100,1,0
1116,4,87,6,1
1117,1,91,1,3
1117,2,100,0,2
1117,3,78,2,2
1117,4,81,5,3
1118,1,82,0,1
1118,2,90,0,0
1118,3,92,0,1
1118,4,89,1,0
1119,1,95,1,3
1119,2,89,7,3
1119,3,89,4,3
1119,4,77,1,2
1120,1,76,4,2
1120,2,85,7,0
1120,3,77,7,0
1120,4,87,6,1
1121,1,87,8,0
1121,2,93,5,0
1121,3,99,5,2
1121,4,90,5,0
1122,1,87,2,0
1122,2,90,4,0
1122,3,94,4,1
1122,4,89,6,1
1123,1,97,1,0
1123,2,99,0,0
1123,3,99,1,3
1123,4,84,2,0
1124,1,97,7,2
1124,2,81,3,3
1124,3,70,6,4
1124,4,74,8,1
1125,1,73,8,4
1125,2,53,8,2
1125,3,69,6,2
1125,4,65,2,4
1126,1,87,4,3
1126,2,76,2,0
1126,3,69,3,0
1126,4,69,4,0
1127,1,82,8,2
1127,2,100,5,0
1127,3,92,3,1
1127,4,85,9,0
1128,1,93,6,0
1128,2,82,5,0
1128,3,88,4,0
1128,4,82,4,3
1129,1,91,6,1
1129,2,74,5,3
1129,3,94,4,1
1129,4,93,3,2
1130,1,100,0,0
1130,2,94,2,2
1130,3,90,2,0
1130,4,94,3,3
1131,1,74,6,2
1131,2,88,5,3
1131,3,87,6,0
1131,4,94,5,0
1132,1,78,9,5
1132,2,91,4,4
1132,3,83,5,2
1132,4,95,7,2
1133,1,90,8,1
1133,2,86,5,0
1133,3,100,3,1
1133,4,99,0,2
1134,1,93,8,4
1134,2,83,4,0
1134,3,84,3,0
1134,4,95,5,0
1135,1,90,2,2
1135,2,100,0,2
1135,3,99,3,1
1135,4,93,4,0
1136,1,94,7,0
1136,2,80,4,3
1136,3,88,8,0
1136,4,97,5,3
1137,1,77,0,1
1137,2,84,3,2
1137,3,79,1,0
1137,4,86,2,0
1138,1,73,7,2
1138,2,72,2,0
1138,3,85,6,3
1138,4,67,4,0
1139,1,93,4,3
1139,2,92,5,1
1139,3,83,6,2
1139,4,68,3,0
1140,1,95,2,0
1140,2,86,3,2
1140,3,86,1,0
1140,4,86,0,0
1141,1,99,0,0
1141,2,82,1,3
1141,3,87,0,1
1141,4,82,0,1
1142,1,73,6,4
1142,2,87,4,2
1142,3,77,7,4
1142,4,80,4,2
1143,1,93,2,4
1143,2,78,4,1
1143,3,66,8,0
1143,4,65,6,2
1144,1,70,7,3
1144,2,59,6,1
1144,3,74,6,3
1144,4,40,7,3
1145,1,99,5,2
1145,2,77,6,3
1145,3,76,4,3
1145,4,81,5,1
1146,1,100,2,0
1146,2,84,2,0
1146,3,78,0,4
1146,4,100,2,0
1147,1,93,5,0
1147,2,93,6,2
1147,3,77,5,0
1147,4,85,6,5
1148,1,67,4,5
1148,2,80,6,2
1148,3,78,1,2
1148,4,82,3,3
1149,1,82,1,0
1149,2,93,2,3
1149,3,86,0,1
1149,4,95,3,4
1150,1,81,4,0
1150,2,86,3,2
1150,3,74,4,2
1150,4,83,4,0
1151,1,89,5,3
1151,2,76,2,0
1151,3,71,7,1
1151,4,91,6,2
1152,1,90,3,0
1152,2,85,1,3
1152,3,78,4,0
1152,4,80,5,0
1153,1,84,2,1
1153,2,96,4,2
1153,3,89,5,1
1153,4,76,6,2
1154,1,71,3,5
1154,2,66,5,4
1154,3,79,2,1
1154,4,87,4,1
1155,1,85,6,2
1155,2,87,4,0
1155,3,82,5,3
1155,4,76,3,3
1156,1,99,6,1
1156,2,100,7,4
1156,3,94,4,2
1156,4,88,3,2
1157,1,75,4,0
1157,2,85,3,2
1157,3,70,8,0
1157,4,73,4,0
1158,1,74,1,0
1158,2,87,5,0
1158,3,76,8,1
1158,4,72,2,0
1159,1,92,0,3
1159,2,89,2,3
1159,3,99,4,0
1159,4,86,0,2
1160,1,89,6,0
1160,2,94,7,3
1160,3,80,1,2
1160,4,93,7,3
1161,1,83,2,0
1161,2,82,1,0
1161,3,87,5,0
1161,4,90,0,1
1162,1,71,0,0
1162,2,88,1,2
1162,3,94,0,1
1162,4,87,3,0
1163,1,79,3,0
1163,2,77,3,0
1163,3,75,5,2
1163,4,81,6,0
1164,1,91,2,0
1164,2,85,0,0
1164,3,99,0,0
1164,4,90,0,0
1165,1,90,3,0
1165,2,93,3,5
1165,3,78,5,3
1165,4,90,5,2
1166,1,79,0,0
1166,2,81,2,0
1166,3,89,6,0
1166,4,82,0,0
1167,1,93,1,4
1167,2,82,5,2
1167,3,83,5,1
1167,4,79,3,0
1168,1,98,0,0
1168,2,100,2,2
1168,3,93,2,0
1168,4,88,4,0
1169,1,97,3,3
1169,2,82,0,0
1169,3,86,3,0
1169,4,85,2,1
1170,1,94,0,2
1170,2,84,1,1
1170,3,88,1,0
1170,4,93,2,3
1171,1,86,13,2
1171,2,70,8,0
1171,3,85,7,0
1171,4,90,8,0
1172,1,80,3,4
1172,2,88,5,4
1172,3,84,1,2
1172,4,89,2,5
1173,1,79,3,3
1173,2,83,0,0
1173,3,94,1,0
1173,4,85,2,1
1174,1,98,1,2
1174,2,100,0,0
1174,3,100,2,2
1174,4,85,2,2
1175,1,75,4,1
1175,2,84,7,0
1175,3,69,5,0
1175,4,81,7,2
1176,1,60,6,0
1176,2,75,7,2
1176,3,85,8,3
1176,4,69,1,0
1177,1,100,4,0
1177,2,92,5,3
1177,3,100,3,0
1177,4,95,5,0
1178,1,78,4,1
1178,2,85,9,4
1178,3,96,5,2
1178,4,81,5,4
1179,1,85,6,0
1179,2,86,4,5
1179,3,79,6,2
1179,4,82,4,0
1180,1,71,4,0
1180,2,96,2,2
1180,3,97,1,0
1180,4,77,5,0
1181,1,98,0,0
1181,2,100,1,3
1181,3,82,4,1
1181,4,83,6,1
1182,1,83,5,0
1182,2,83,7,1
1182,3,86,8,1
1182,4,92,8,1
1183,1,100,1,4
1183,2,73,3,4
1183,3,89,1,2
1183,4,95,0,2
1184,1,65,3,2
1184,2,72,4,3
1184,3,73,3,1
1184,4,68,4,4
1185,1,71,0,4
1185,2,96,0,2
1185,3,84,1,3
1185,4,83,0,1
1186,1,76,8,2
1186,2,81,7,0
1186,3,88,7,1
1186,4,67,10,0
1187,1,86,8,0
1187,2,85,7,2
1187,3,95,7,0
1187,4,82,8,3
1188,1,81,3,2
1188,2,100,5,1
1188,3,77,6,0
1188,4,91,4,0
1189,1,75,1,0
1189,2,79,2,2
1189,3,65,7,4
1189,4,81,3,0
1190,1,83,0,1
1190,2,98,0,1
1190,3,85,2,0
1190,4,91,0,0
1191,1,87,1,0
1191,2,81,2,0
1191,3,89,3,2
1191,4,100,1,1
1192,1,95,5,0
1192,2,90,3,1
1192,3,100,5,1
1192,4,77,2,0
1193,1,95,4,4
1193,2,76,3,1
1193,3,82,1,0
1193,4,83,3,2
1194,1,94,1,5
1194,2,98,4,4
1194,3,92,3,3
1194,4,93,3,4
1195,1,100,5,2
1195,2,89,5,3
1195,3,94,0,2
1195,4,71,6,2
1196,1,65,2,0
1196,2,78,5,2
1196,3,86,5,0
1196,4,70,5,2
1197,1,81,3,1
1197,2,91,2,4
1197,3,94,5,2
1197,4,83,2,4
1198,1,90,6,1
1198,2,80,1,1
1198,3,76,5,2
1198,4,84,5,1
1199,1,89,2,0
1199,2,97,1,1
1199,3,92,0,1
1199,4,82,2,0
1200,1,96,0,2
1200,2,83,4,1
1200,3,92,5,2
1200,4,86,2,5
